StateCode,Division,YearMonth,PCP,TAVG,PDSI,PHDI,ZNDX,PMDI,CDD,HDD,SP01,SP02,SP03,SP06,SP09,SP12,SP24,TMIN,TMAX
30,1,201001,2.8,21.8,0.59,2.19,0.95,2.1,0,1339,0.45,0.56,-0.26,0.44,0.75,0.41,1.01,14.5,29.2
30,9,201001,2.42,22.4,-0.25,2.39,-0.36,1.86,0,1321,-0.32,0.06,-0.66,-0.08,0.51,0.51,1.52,16,28.8
30,2,201001,2.77,21.9,0.08,1.67,-0.05,0.66,0,1336,0.09,0.1,-0.67,0.22,1.1,0.5,1.07,14.2,29.5
30,4,201001,1.99,31.3,1.6,1.6,-1.58,0.84,0,1045,-1.08,0.63,0.03,-0.15,1.1,0.47,0.84,24.2,38.3
30,7,201001,2.12,20.3,2.45,2.45,-0.59,2.15,0,1386,-0.29,0.22,0.16,0.29,1.04,0.58,1.38,12.5,28
30,8,201001,1.84,19.3,-0.44,0.88,-1.06,0.01,0,1417,-0.72,-0.16,-0.48,-0.35,0.27,0.05,0.71,12.3,26.4
30,10,201001,2.06,22.8,-0.31,1.68,0.09,1.03,0,1308,-0.03,-0.19,-0.93,-0.24,0.33,0.14,0.93,16.3,29.3
30,5,201001,2.5,25.1,1.94,1.94,-0.59,1.33,0,1237,-0.19,0.39,-0.25,0.08,1.25,0.61,1.42,17.2,33.1
30,3,201001,2.42,17.3,-1.11,0.68,-1.29,-0.96,0,1479,-0.79,-0.37,-0.95,-0.46,0.53,0.1,1.18,8.8,25.8
30,6,201001,2.07,20.5,-1.28,0.79,-1.5,-1.02,0,1380,-0.93,-0.71,-1.39,-0.37,0.43,-0.03,1,12.5,28.5
30,8,201002,1.46,21.9,-0.89,-0.89,-1.48,-0.89,0,1207,-0.98,-1.33,-0.7,-0.63,-0.29,-0.1,0.35,15.1,28.7
30,10,201002,2.06,24.5,-0.29,1.49,-0.05,0.79,0,1134,0.16,-0.07,-0.16,-0.81,0.25,0.32,0.64,19.2,29.9
30,2,201002,3.37,24.3,0.47,1.9,1.2,1.31,0,1140,0.81,0.49,0.44,-0.26,1.05,0.86,0.78,18.4,30.3
30,1,201002,1.66,23.4,-0.29,1.67,-0.88,1.14,0,1165,-0.47,-0.1,0.17,-0.64,0.63,0.45,0.64,16.6,30.2
30,3,201002,2.25,20.1,-1.38,-1.38,-1.13,-1.38,0,1257,-0.65,-1.15,-0.72,-0.98,-0.22,0.01,0.75,12.7,27.5
30,9,201002,2.02,23.8,-0.47,1.9,-0.74,1.04,0,1154,-0.38,-0.65,-0.22,-0.7,0.3,0.48,1.19,17.8,29.8
30,4,201002,5.41,32.3,2.39,2.39,2.86,2.39,0,916,1.4,0.31,1.16,0.61,1.31,1.04,0.82,26.4,38.1
30,7,201002,2.72,23,2.42,2.42,0.66,2.33,0,1176,0.52,0.05,0.41,0.3,0.85,0.79,1.15,16.3,29.8
30,5,201002,4.14,28.1,2.52,2.52,2.35,2.52,0,1033,1.29,0.68,0.97,0.1,1.46,1.06,1.17,21.7,34.5
30,6,201002,2.93,24,-1.1,0.77,0.17,-0.88,0,1148,0.18,-0.59,-0.57,-0.86,0.07,0.2,0.64,17.8,30.2
30,10,201003,2.48,38.4,-0.6,1,-1.01,-0.1,0,825,-0.01,0.06,-0.09,-0.42,-0.09,0.09,0.39,29.3,47.5
30,8,201003,1.65,36.4,-1.52,-1.52,-2.17,-1.52,0,887,-0.95,-1.45,-1.63,-0.71,-0.26,-0.14,-0.01,27.5,45.3
30,2,201003,4.63,38.7,0.83,2.12,1.24,1.9,0,815,1.14,1.26,1.08,0.5,0.93,1.18,0.54,28.7,48.7
30,6,201003,3.86,38.4,-0.96,0.71,0.07,-0.81,0,825,0.48,0.46,-0.16,-0.28,0.05,0.28,0.32,28.6,48.2
30,4,201003,10.57,45.4,4.19,4.19,6.16,4.19,0,608,2.8,2.82,2.14,1.93,1.66,1.99,1.26,36.8,54
30,7,201003,3.96,36.4,2.58,2.58,1.23,2.58,0,887,1.02,1.02,0.63,0.84,1.05,1.04,1.01,26.9,45.9
30,5,201003,5.43,42,2.88,2.88,1.87,2.88,0,713,1.39,1.72,1.41,1.12,1.31,1.51,1.11,32.5,51.4
30,3,201003,3.08,34.7,-1.53,-1.53,-0.88,-1.53,0,939,-0.24,-0.6,-1,-0.75,-0.28,0,0.34,24.6,44.8
30,1,201003,2.43,37.3,-0.67,1.09,-1.23,0,0,859,-0.26,-0.56,-0.28,-0.21,0.36,0.31,0.31,26.5,48.1
30,9,201003,2.04,38,-1.08,1.04,-1.99,-0.56,0,837,-0.76,-0.86,-1.03,-0.67,-0.05,0.19,0.86,29.3,46.8
30,4,201004,2.7,54,-0.69,3.07,-2.08,2.21,0,330,-0.66,1.78,2.12,1.54,1.11,1.84,1.25,43.5,64.5
30,10,201004,1.84,50.3,-1.63,-1.63,-3.28,-1.63,0,441,-1.12,-0.84,-0.7,-1.22,-0.55,0.09,0.28,37.6,62.9
30,9,201004,1.77,50.3,-2.23,-2.23,-3.77,-2.23,0,441,-1.37,-1.54,-1.55,-1.5,-0.81,-0.1,0.7,38.6,62
30,3,201004,2.2,45.5,-2.48,-2.48,-3.35,-2.48,0,585,-1.09,-0.96,-1.18,-1.51,-1,-0.05,0.17,32.4,58.6
30,6,201004,1.68,49.2,-2.18,-2.18,-3.96,-2.18,0,474,-1.71,-0.75,-0.54,-1.42,-0.64,0.15,0.09,36.3,62.2
30,1,201004,2.03,49.1,-1.58,-1.58,-2.93,-1.58,0,477,-1.04,-0.98,-1.15,-1.02,-0.12,0.35,0.25,34.5,63.6
30,7,201004,2.8,47.6,1.76,1.76,-1.67,0.98,0,522,-0.07,0.64,0.75,0.49,0.52,1.2,0.99,35.4,59.9
30,5,201004,1.98,52.2,-1.04,1.54,-3.13,0.19,0,384,-1.19,0.37,0.88,0.39,0.41,1.47,0.98,39.2,65.2
30,8,201004,2.14,48,-2.26,-2.26,-2.7,-2.26,0,510,-0.68,-1.2,-1.58,-1.35,-1.01,-0.37,-0.1,36.2,59.9
30,2,201004,2.3,48.8,-0.96,0.94,-2.87,-0.48,0,486,-1,0.23,0.52,-0.17,0.36,1.18,0.46,35.5,62
30,4,201005,2.69,62.5,-1.18,2.19,-1.67,0.67,37,115,-0.56,-0.87,1.26,1.6,1.15,1.63,1.26,52.3,72.6
30,5,201005,2.4,61.2,-1.66,0.66,-2.18,-1.54,34,152,-0.84,-1.39,-0.21,0.43,-0.12,1.16,1.03,48.5,73.9
30,3,201005,2.54,55.6,-2.95,-2.95,-2.15,-2.95,11,302,-0.83,-1.26,-1.3,-1.42,-1.4,-0.78,0.23,42.7,68.5
30,2,201005,2.75,58.2,-1.55,-1.55,-2.09,-1.55,18,229,-0.71,-1.15,-0.32,0.06,-0.44,0.78,0.52,45.2,71.2
30,6,201005,2.61,59,-2.59,-2.59,-1.9,-2.59,26,212,-0.75,-1.6,-1.1,-1.23,-1.24,-0.43,0.17,46.2,71.8
30,1,201005,3.36,57.9,-1.71,-1.71,-0.89,-1.71,22,243,0.01,-0.51,-0.66,-0.48,-1.02,0.26,0.37,44.7,71.1
30,8,201005,1.93,58.4,-2.87,-2.87,-2.53,-2.87,22,227,-0.99,-1.1,-1.63,-1.57,-1.24,-0.9,-0.21,45.9,70.8
30,9,201005,2.8,59.2,-2.42,-2.42,-1.27,-2.42,29,209,-0.28,-0.94,-1.24,-1.16,-1.26,-0.33,0.77,47.9,70.5
30,10,201005,2.79,59.6,-2.02,-2.02,-1.69,-2.02,34,201,-0.29,-0.8,-0.79,-0.78,-1.15,-0.13,0.41,47.7,71.4
30,7,201005,1.87,57.7,0.73,0.73,-2.53,-1.12,17,244,-1.01,-0.74,-0.12,0.11,0.12,0.63,1.02,44.8,70.7
30,4,201006,1.78,72.4,-1.84,1.19,-2.34,-1.16,222,0,-0.95,-1.16,-1.46,0.78,1.03,0.87,1.13,63.2,81.5
30,6,201006,6.84,65.1,1.14,-1.19,3.41,0.32,66,63,1.42,0.65,-0.02,-0.16,-0.28,-0.04,0.5,54.8,75.4
30,7,201006,5.37,62.9,1.53,1.53,2.62,0.77,30,93,1.15,0.26,0.16,0.47,0.65,0.87,1.01,52.9,72.9
30,10,201006,6.3,66.2,1.13,-0.69,3.38,0.93,85,49,1.55,1.03,0.49,0.34,0,0.14,0.74,56.2,76.2
30,8,201006,6.95,63.5,1.65,-0.93,4.96,1.19,40,85,1.9,1.03,0.59,-0.38,-0.11,0.12,0.05,53.9,73.1
30,3,201006,7.05,60.9,1.31,-1.33,3.93,0.35,16,139,1.54,0.75,0.24,-0.44,-0.44,-0.12,0.48,50.9,70.9
30,1,201006,5.31,65.3,0.48,-1.06,1.44,-0.27,72,63,0.88,0.55,0.1,-0.1,-0.13,0.28,0.48,53.9,76.6
30,5,201006,3.79,68.3,-1.7,-1.7,-0.62,-1.7,116,17,0.07,-0.55,-1.09,0.09,0.29,0.58,0.92,57.3,79.2
30,9,201006,6.22,65.9,1.29,-0.89,3.87,0.85,78,51,1.77,1.21,0.52,-0.12,-0.15,0.21,1.04,56.6,75.2
30,2,201006,4.74,65.1,0.25,-1.14,0.75,-0.67,63,60,0.5,-0.08,-0.51,0.18,0.04,0.49,0.61,54,76.1
30,8,201007,3.87,70.8,1.64,-0.67,0.48,1.51,187,7,0.31,1.63,0.95,-0.05,-0.31,-0.3,-0.06,60.7,80.9
30,7,201007,3.73,70.7,1.34,1.34,-0.09,0.53,183,7,0.12,0.86,0.25,0.56,0.47,0.52,0.78,60,81.4
30,5,201007,3.28,74.8,-2.09,-2.09,-1.69,-2.09,304,0,-0.38,-0.28,-0.7,-0.02,-0.18,-0.04,0.69,63.2,86.5
30,2,201007,3.72,70.8,-0.23,-1.25,-0.68,-1.06,186,6,-0.22,0.12,-0.3,0.01,-0.32,0.13,0.41,58.9,82.7
30,1,201007,4.79,70.1,0.95,0.95,1.55,0.95,168,10,0.78,1.05,0.76,0.06,-0.09,0.32,0.48,57.7,82.4
30,6,201007,3.95,71.4,0.97,-1.12,-0.16,0.29,204,6,0.01,1.01,0.46,0.08,-0.67,-0.22,0.25,60.4,82.5
30,3,201007,4.3,67.7,1.19,-1.18,0.03,0.46,109,25,0.19,1.25,0.7,-0.06,-0.63,-0.39,0.27,56.8,78.5
30,9,201007,4.37,72.2,1.91,1.91,2.25,1.91,227,0,0.9,1.75,1.38,0.38,0.01,0.17,0.99,62.4,82
30,10,201007,4.58,71.9,1.67,1.67,1.99,1.67,219,0,0.85,1.56,1.21,0.68,0.14,0.27,0.64,61.4,82.5
30,4,201007,3.16,78.5,-2.34,-2.34,-2.08,-2.34,418,0,-0.18,-0.78,-0.97,0.95,0.76,0.49,1.14,69.1,87.8
30,10,201008,4.31,69.3,2.29,2.29,2.38,2.29,153,20,0.91,1.12,1.64,0.93,0.76,0.13,0.64,59.7,78.9
30,7,201008,4.55,67,1.58,1.58,1.14,1.12,103,41,0.78,0.54,1.12,0.7,0.74,0.61,0.78,56.4,77.6
30,2,201008,5.29,67.3,0.61,0.61,1.82,0.61,105,34,0.96,0.45,0.57,0.18,0.37,-0.06,0.7,56.8,77.7
30,3,201008,5.42,64.2,1.7,1.7,1.9,1.7,59,83,0.99,0.77,1.56,0.52,0.06,-0.29,0.31,53.8,74.6
30,1,201008,3.25,67.8,0.82,0.82,-0.1,0.82,120,34,-0.12,0.43,0.81,0.1,0.15,-0.39,0.3,56.9,78.7
30,5,201008,4.11,70.9,-2.09,-2.09,-0.65,-2.09,189,6,0.31,-0.16,-0.18,-0.36,0.12,-0.21,0.75,60.2,81.6
30,4,201008,2.18,74.6,-3.03,-3.03,-2.78,-3.03,298,0,-0.86,-0.85,-1.29,0.1,0.68,0.4,1,66.1,83.2
30,8,201008,5.22,67.3,2.22,2.22,2.23,2.22,110,39,1.21,1.04,1.97,0.72,0.27,0.09,0.21,57,77.6
30,6,201008,5.59,67.9,1.79,1.79,2.75,1.79,120,30,1.28,0.78,1.4,0.52,0.16,-0.19,0.4,57.9,77.9
30,9,201008,3.33,69.9,1.84,1.84,0.38,1.84,167,15,0.08,0.7,1.58,0.51,0.33,-0.13,0.83,60.6,79.2
30,8,201009,5.45,59.7,2.92,2.92,2.79,2.92,16,175,1.19,1.69,1.53,1.39,0.64,0.63,0.62,50.3,69
30,2,201009,2.28,60.7,-0.58,-0.58,-1.73,-0.58,19,148,-0.9,0.06,-0.15,-0.57,-0.03,-0.06,0.51,49.9,71.5
30,7,201009,3.64,59.5,1.48,1.48,0.18,1.02,14,179,0.29,0.73,0.58,0.45,0.67,0.8,0.96,49.9,69.2
30,5,201009,2.77,64.5,-2.46,-2.46,-1.77,-2.46,58,73,-0.41,-0.21,-0.46,-1.15,-0.3,-0.03,0.49,53.8,75.2
30,3,201009,4.32,57.3,1.66,1.66,0.42,1.66,7,238,0.2,0.81,0.73,0.58,0.05,-0.1,0.52,47.6,67
30,6,201009,2.8,61.1,1.22,1.22,-1.14,0.6,24,141,-0.71,0.35,0.2,0.02,-0.08,-0.18,0.4,51.1,71.1
30,4,201009,3.48,68.8,-2.99,-2.99,-0.84,-2.99,128,14,0.14,-0.6,-0.69,-1.5,0.14,0.54,0.61,60.6,77
30,1,201009,2.84,59.6,0.5,0.5,-0.69,0.5,15,177,-0.39,-0.44,0.16,0.03,-0.11,-0.14,0.3,48.7,70.4
30,9,201009,3.64,61.5,1.73,1.73,0.26,1.73,26,131,0.18,0.18,0.62,0.7,0.24,0.13,0.99,52.2,70.7
30,10,201009,3.07,61,2.11,2.11,0.17,2.11,23,143,-0.08,0.5,0.82,0.81,0.71,0.36,0.76,51.4,70.7
30,8,201010,7.59,46.5,4.76,4.76,6.43,4.76,0,574,2.35,2.39,2.59,2.37,1.71,1.31,0.97,38,55.1
30,10,201010,5.57,49.7,3.1,3.1,3.62,3.1,0,474,1.45,1.06,1.23,1.59,1.26,0.79,0.91,41,58.3
30,6,201010,7.36,48.2,2.6,2.6,4.51,2.6,0,521,1.76,1.01,1.42,1.27,0.95,0.28,0.65,38.3,58
30,7,201010,7.79,45.9,3.43,3.43,6.31,3.43,0,592,2.39,1.85,1.93,1.52,1.62,1.48,1.32,36.7,55.2
30,4,201010,3.99,56.4,-2.71,-2.71,-0.07,-2.68,6,272,0.42,0.24,-0.28,-1.06,0.51,0.41,0.69,47.7,65.1
30,9,201010,4.94,50,2.37,2.37,2.46,2.37,0,465,1,0.83,0.71,1.41,0.71,0.34,0.93,41.7,58.3
30,3,201010,8.02,44.2,3.15,3.15,4.99,3.15,0,645,1.89,1.61,1.95,1.83,1.15,0.56,0.84,34.8,53.5
30,5,201010,7.22,51.5,1.26,-0.95,3.78,0.75,0,418,1.66,1.03,0.88,0.22,0.56,0.35,0.79,41.4,61.7
30,1,201010,5.52,48.2,1.57,1.57,3.36,1.57,0,521,1.4,0.84,0.59,0.89,0.35,0.21,0.56,38,58.4
30,2,201010,8.56,48.4,1.88,1.88,5.65,1.88,0,515,2.09,1.3,1.39,0.9,1.03,0.62,0.94,38.4,58.3
30,7,201011,2.95,35.7,3.15,3.15,0.21,3.15,0,879,0.02,1.83,1.68,2.02,1.5,1.49,1.43,27.6,43.7
30,6,201011,3.28,37.6,2.14,2.14,-0.59,1.82,0,822,-0.23,1.31,0.74,1.48,0.82,0.53,0.76,28.8,46.4
30,8,201011,2.58,36,4.14,4.14,-0.38,3.94,0,870,-0.48,1.67,1.93,2.67,1.73,1.36,0.96,27.2,44.9
30,4,201011,2.43,46.2,-3.15,-3.15,-2.15,-3.15,0,564,-0.66,-0.17,-0.19,-1.22,-0.06,0.48,0.62,38.4,54.1
30,3,201011,3,34,2.29,2.29,-1.61,1.58,0,930,-0.7,1.28,1.13,2.01,1.1,0.7,0.82,25,43
30,1,201011,2.71,37.6,1.48,1.48,0.2,1.48,0,822,-0.03,1.03,0.62,0.92,0.41,0.44,0.57,28,47.1
30,2,201011,2.88,38,1.48,1.48,-0.64,1.1,0,810,-0.34,1.6,0.98,1.02,0.74,0.83,1,29.2,46.7
30,5,201011,2.79,40.5,0.92,-1.07,-0.65,0.3,0,735,-0.39,1.2,0.72,0.36,0.12,0.48,0.81,31.6,49.3
30,10,201011,2.41,38.9,2.84,2.84,0.16,2.84,0,783,-0.22,0.99,0.75,1.67,1.17,1.01,0.92,30.7,47.2
30,9,201011,3.17,39.2,2.27,2.27,0.42,2.27,0,774,-0.08,0.68,0.62,1.46,0.75,0.58,0.89,30.5,47.8
30,1,201012,3.94,22.6,2.06,2.06,2.2,2.06,0,1314,1.23,0.66,1.37,0.94,0.77,0.64,0.74,16.7,28.5
30,3,201012,3.11,19.1,1.72,1.72,-1,0.57,0,1423,-0.47,-0.82,0.9,1.1,0.93,0.52,0.37,12.3,25.9
30,2,201012,3.42,22.9,1.43,1.43,0.32,1.14,0,1305,0.26,-0.1,1.52,0.96,0.48,0.83,0.83,16.4,29.4
30,9,201012,3.33,24.2,2.2,2.2,0.5,2.2,0,1265,0.29,0.06,0.67,0.81,0.9,0.55,0.7,19.1,29.3
30,8,201012,2.64,21.1,3.51,3.51,-0.61,3.03,0,1361,-0.21,-0.51,1.33,1.83,1.73,1.19,0.77,14.8,27.5
30,10,201012,3.01,24.2,2.92,2.92,1.12,2.92,0,1265,0.58,0.13,1.05,1.2,1.21,1.13,0.86,18.9,29.5
30,4,201012,3.51,32.4,-2.99,-2.99,-0.51,-2.99,0,1011,-0.18,-0.69,-0.33,-0.79,-1.45,-0.05,0.39,26.2,38.7
30,6,201012,2.84,22.9,1.64,1.64,-0.84,0.92,0,1305,-0.47,-0.47,0.98,0.75,0.52,0.44,0.31,16.7,29.1
30,7,201012,3.16,21.2,3.01,3.01,0.55,3.01,0,1358,0.35,0.24,1.61,1.59,1.23,1.35,1.19,14.1,28.2
30,5,201012,3.68,26.2,1.03,-0.75,0.63,0.81,0,1203,0.36,-0.04,1.15,0.47,-0.15,0.38,0.59,18.8,33.5
30,6,201101,2.37,18.1,1.11,1.11,-1.09,-0.09,0,1454,-0.6,-0.85,-0.83,0.65,0.74,0.49,0.26,10,26.2
30,5,201101,2.56,21.2,0.75,-0.84,-0.51,0.46,0,1358,-0.13,0.08,-0.16,0.59,0.05,0.39,0.56,12.7,29.7
30,10,201101,1.49,20.3,2.31,2.31,-0.92,1.87,0,1386,-0.83,-0.19,-0.38,0.81,1.31,1.01,0.76,13.3,27.4
30,1,201101,1.56,19.1,1.5,1.5,-1.05,0.95,0,1423,-0.9,0.26,0.04,0.5,0.84,0.36,0.57,11.2,26.9
30,3,201101,2.1,13.9,0.97,0.97,-1.74,-0.84,0,1584,-1.16,-1.17,-1.35,0.75,0.98,0.45,0.31,4.9,23
30,7,201101,1.89,15.6,2.38,2.38,-0.95,1.93,0,1531,-0.55,-0.2,-0.12,1.49,1.23,1.33,1.14,7.3,24
30,9,201101,1.94,19.7,1.58,1.58,-1.18,0.99,0,1404,-0.96,-0.51,-0.5,0.28,1.04,0.46,0.6,12.6,26.9
30,2,201101,2.07,19,0.94,0.94,-1.03,0.12,0,1426,-0.59,-0.31,-0.46,0.94,0.57,0.71,0.73,10.8,27.3
30,8,201101,1.22,15.5,2.44,2.44,-2.13,1.12,0,1534,-1.8,-1.25,-1.23,1.53,1.72,1.09,0.7,7.7,23.3
30,4,201101,3.34,28.1,-2.74,-2.74,-0.18,-2.74,0,1144,0.03,-0.14,-0.62,-0.74,-1.31,0.16,0.4,21,35.1
30,4,201102,3.4,33.4,-2.39,-2.39,0.21,-2.24,0,885,0.12,-0.02,-0.14,-0.32,-1.11,-0.15,0.58,24.2,42.6
30,10,201102,3.23,23,2.74,2.74,2,2.74,0,1176,1.35,0.43,0.61,0.92,1.71,1.3,1.05,13.4,32.6
30,1,201102,4.19,22,2.48,2.48,3.4,2.48,0,1204,1.95,0.87,1.37,1.25,1.4,0.94,0.98,10.7,33.2
30,2,201102,3.77,22.6,1.45,1.45,1.83,1.39,0,1187,1.13,0.3,0.3,0.97,1.02,0.78,1,11.5,33.8
30,7,201102,3.58,18.1,2.85,2.85,2.14,2.85,0,1313,1.27,0.51,0.55,1.59,1.89,1.5,1.36,7.5,28.8
30,9,201102,3.24,22.6,1.89,1.89,1.43,1.87,0,1187,1.01,-0.02,0.1,0.55,1.38,0.74,0.78,13.3,32
30,6,201102,3.57,20.7,1.38,1.38,1.16,0.64,0,1240,0.77,0.07,-0.37,0.39,1.24,0.6,0.5,10,31.4
30,3,201102,3.6,17,1.18,1.18,0.94,-0.2,0,1344,0.61,-0.44,-0.71,0.55,1.49,0.71,0.44,6,28
30,5,201102,3.66,25.1,1.21,1.21,1.6,1.21,0,1117,0.96,0.43,0.52,0.86,0.49,0.29,0.8,14.1,36.1
30,8,201102,2.64,18.4,2.37,2.37,0.53,1.23,0,1305,0.43,-0.83,-0.82,1.28,2.25,1.38,0.81,8.5,28.3
30,3,201103,5.35,26.2,2.01,2.01,2.84,1.54,0,1203,1.51,1.42,0.6,1.03,1.21,1.09,0.69,16,36.3
30,10,201103,3.01,31.7,2.75,2.75,0.88,2.75,0,1032,0.52,1.23,0.65,1.21,1.31,1.37,0.98,23.1,40.3
30,7,201103,5.09,28.1,3.84,3.84,3.85,3.84,0,1144,1.93,2.07,1.55,2.15,2.09,1.65,1.61,18.8,37.5
30,9,201103,3.82,31.5,2.37,2.37,2,2.37,0,1038,1.16,1.44,0.73,0.93,1.01,1.1,0.84,23.1,39.9
30,5,201103,5.2,35.2,1.9,1.9,2.44,1.9,0,924,1.26,1.43,1.15,1.52,0.88,0.25,1.06,25.7,44.6
30,6,201103,4.45,30.1,1.84,1.84,1.8,1.7,0,1082,0.93,1.12,0.59,1.12,0.91,0.68,0.6,21,39.3
30,8,201103,4.49,28.5,3.22,3.22,3.3,3.21,0,1132,1.72,1.46,0.5,1.32,1.86,1.85,1.2,19.1,37.9
30,1,201103,4.21,30.8,3,3,2.34,3,0,1060,1.33,2.14,1.53,1.97,1.4,1.29,1.13,21.3,40.3
30,2,201103,4.87,31.1,2.17,2.17,2.6,2.17,0,1051,1.3,1.57,1.05,1.81,1.23,0.8,1.22,21.7,40.6
30,4,201103,3.56,40.8,-2.42,-2.42,-0.84,-2.42,0,750,-0.26,-0.16,-0.22,-0.41,-0.85,-1.43,0.7,32.5,49.1
30,4,201104,4.83,50.7,-1.95,-1.95,0.67,-1.6,0,429,0.7,0.24,0.23,-0.31,-0.54,-0.99,0.73,42.7,58.8
30,6,201104,6.71,44.7,3.15,3.15,4.51,3.15,0,609,2.39,2.31,2.25,1.07,1.78,1.69,1.14,34.3,55.1
30,2,201104,7.26,45.4,3.67,3.67,5.17,3.67,0,588,2.4,2.43,2.64,1.65,1.99,1.63,1.73,35.4,55.4
30,7,201104,6.91,42.9,5.44,5.44,6,5.44,0,663,2.78,3.09,3.08,2.25,2.78,2.36,2.19,32.8,53.1
30,1,201104,7.05,45.2,4.73,4.73,6.11,4.73,0,594,2.59,2.78,3.09,2.73,2.09,2.12,1.7,35.2,55.1
30,10,201104,6.64,45.6,4.44,4.44,5.92,4.44,0,582,2.68,2.45,2.62,1.79,1.85,2.09,1.51,36,55.2
30,5,201104,5.56,48.3,2.46,2.46,2.27,2.46,0,501,1.44,1.7,1.85,1.19,1.4,0.81,1.31,38,58.6
30,9,201104,6.4,45.4,3.96,3.96,5.5,3.96,0,588,2.76,2.65,2.92,1.68,1.61,2.05,1.29,35.9,54.8
30,3,201104,8.29,40.7,4.12,4.12,6.96,4.12,0,729,3.09,3.09,3.09,1.34,2.31,2.43,1.44,30.6,50.7
30,8,201104,6.18,43.7,4.42,4.42,4.58,4.42,0,639,2.58,3.02,2.74,1.06,2.47,2.47,1.64,33.5,53.9
30,1,201105,7.08,57.8,5.57,5.57,3.99,5.57,22,245,1.97,2.49,2.82,3.09,3.02,2.57,2.17,47.1,68.5
30,8,201105,6.37,56.6,5.2,5.2,3.72,5.2,14,274,2.02,2.66,2.91,2.19,2.48,3.07,2,46.7,66.5
30,6,201105,5.89,58.9,3.41,3.41,1.75,3.41,25,214,1.31,2.18,2.43,1.79,1.79,2.34,1.2,48.7,69.1
30,4,201105,3.81,61.5,-1.91,-1.91,-0.49,-1.71,27,136,0.14,0.54,0.29,0.05,-0.16,-0.8,0.66,53.2,69.8
30,2,201105,6.22,58.2,3.99,3.99,2.1,3.99,18,229,1.55,2.46,2.81,2.42,2.3,2.18,1.89,48,68.4
30,7,201105,7.53,56.4,6.56,6.56,5.04,6.56,12,279,2.45,3.09,3.09,3.09,3.01,3.09,2.39,46.7,66
30,3,201105,7.64,55.4,4.99,4.99,3.88,4.99,10,308,2.22,3.09,3.09,2.59,2.44,3.09,1.65,45.3,65.4
30,5,201105,5.08,60.7,2.45,2.45,0.72,2.45,30,163,0.89,1.42,1.79,1.66,1.67,1.22,1.43,50.6,70.8
30,10,201105,5.3,58.5,4.71,4.71,2.2,4.71,26,227,1.46,2.38,2.51,2.6,2.15,2.49,1.81,49,68
30,9,201105,5.7,58,4.52,4.52,2.91,4.52,21,238,1.78,2.46,2.69,2.57,2.21,2.6,1.61,48.7,67.3
30,3,201106,4.92,61.9,4.88,4.88,1.22,4.88,24,117,0.58,1.77,2.69,2.59,2.5,2.64,1.64,51.5,72.2
30,6,201106,5.44,65.1,3.69,3.69,1.91,3.69,66,63,0.79,1.33,2.05,2.07,2.29,2.1,1.27,54,76.1
30,9,201106,3.04,66.1,3.91,3.91,-0.44,3.68,81,48,-0.13,1.08,2,2.3,1.97,1.99,1.43,56.3,75.9
30,10,201106,2.86,66.2,3.89,3.89,-1.02,3.44,85,49,-0.41,0.64,1.76,1.95,2,2.02,1.47,55.8,76.5
30,4,201106,3.72,70.3,-1.67,-1.67,0.14,-1.34,164,5,0.36,0.31,0.56,0.25,-0.01,-0.47,0.32,61.5,79.2
30,1,201106,2.86,65.2,4.47,4.47,-1.59,3.82,71,65,-0.69,1.05,1.98,2.5,2.72,2.3,1.92,54,76.4
30,8,201106,3.09,65.3,4.47,4.47,-0.59,4.19,65,56,-0.2,1.28,2.1,2.01,2.08,2.37,1.94,54.8,75.8
30,7,201106,3.42,63.4,5.89,5.89,0.01,5.84,35,83,0.02,1.66,2.46,2.71,2.85,2.71,2.22,53.1,73.7
30,2,201106,5.71,64.4,4.33,4.33,2.25,4.33,53,71,0.97,1.51,2.2,2.6,2.65,2.3,1.74,53.4,75.3
30,5,201106,5.23,67.2,2.76,2.76,1.68,2.76,93,27,0.85,1.1,1.49,1.84,1.9,1.44,1.21,56.8,77.6
30,3,201107,3.17,67.7,3.91,3.91,-1.42,3.31,109,25,-0.72,0.04,1.23,2.53,1.66,2.29,1.41,56,79.3
30,6,201107,3.01,71.1,2.89,2.89,-1.26,2.34,196,7,-0.71,0.13,0.75,1.96,1.26,1.82,1.08,59.1,83.1
30,10,201107,1.26,72.8,2.26,2.26,-3.67,0.39,245,0,-2.44,-1.81,-0.35,1.37,0.98,1.47,1.12,61.2,84.5
30,5,201107,2.84,73.9,1.95,1.95,-1.57,1.23,276,0,-0.76,0.14,0.53,1.58,1.15,1.31,0.85,62.5,85.4
30,7,201107,2.54,70.1,4.73,4.73,-1.65,4.03,167,9,-1.01,-0.57,1.04,2.46,2.02,2.42,1.97,58.5,81.8
30,2,201107,3.32,70.5,3.52,3.52,-1.09,3.04,177,7,-0.53,0.36,1.06,2.75,1.8,2.13,1.57,58.3,82.7
30,1,201107,1.32,71.1,2.67,2.67,-4.02,0.51,196,7,-3.09,-2.09,-0.02,2.1,1.89,1.92,1.54,57.9,84.4
30,4,201107,2.49,77.5,-1.98,-1.98,-1.44,-1.98,388,0,-0.64,-0.21,-0.1,0.02,-0.36,-0.56,-0.03,68.3,86.7
30,8,201107,3.14,70.7,3.7,3.7,-0.94,3.01,184,7,-0.33,-0.45,0.9,2.12,1.28,2.33,1.57,59.3,82.1
30,9,201107,1.88,72.9,2.73,2.73,-2.33,1.57,248,0,-1.38,-0.94,0.32,1.86,1.31,1.45,1.02,62.2,83.6
30,5,201108,12.41,70.1,5.21,5.21,10.38,5.21,167,9,2.97,2.35,2.27,2.86,2.72,2.36,1.6,59.9,80.3
30,4,201108,11.9,74,2.3,2.3,6.9,2.3,279,0,2.58,2.12,1.9,1.51,1.25,0.84,0.88,65.9,82
30,3,201108,6.84,64,4.65,4.65,3.43,4.65,56,87,2.26,0.95,0.99,2.94,2.49,2.46,1.62,53.3,74.8
30,9,201108,5.16,69,3.18,3.18,2.19,2.8,145,21,1.68,0.3,0.13,2.1,1.96,1.87,1.13,59.4,78.6
30,7,201108,8.87,66.8,6.64,6.64,7.18,6.64,99,43,3.09,2.23,1.47,3.08,2.88,2.93,2.44,56.6,77
30,8,201108,6.21,67.2,4.29,4.29,2.93,4.29,108,40,1.89,1.19,0.74,2.7,2.12,2.45,1.96,57,77.5
30,10,201108,5.54,68.3,2.96,2.96,2.8,2.13,130,28,1.73,0.06,-0.19,1.58,1.65,1.74,1.25,58.5,78
30,1,201108,4.96,66.5,2.86,2.86,1.41,1.25,96,50,1.07,-0.46,-0.83,1.83,2.33,2.36,1.4,55.2,77.7
30,6,201108,7.13,67.6,4.21,4.21,4.85,4.21,114,33,2.2,1.05,1.17,2.38,2.04,2.01,1.32,57.2,78
30,2,201108,9.44,66.7,5.84,5.84,8.06,5.84,94,41,2.59,2.05,1.89,3.09,2.95,2.65,1.89,56.1,77.2
30,7,201109,5.74,61.4,7.13,7.13,3.52,7.13,27,135,1.46,3.09,2.66,3.09,3.09,3.09,2.74,52.1,70.6
30,3,201109,5.77,59.5,4.78,4.78,1.84,4.78,15,180,1.05,2.23,1.47,3.09,2.94,3.02,2.03,49.6,69.4
30,10,201109,5.72,63.1,3.61,3.61,2.85,3.61,45,102,1.65,2.25,1.02,1.94,2.13,2.24,1.68,54.4,71.8
30,1,201109,5.94,62.2,3.43,3.43,2.59,2.69,34,118,1.6,1.8,0.64,1.89,2.46,2.76,1.85,53,71.4
30,4,201109,5.38,68.7,2.69,2.69,1.88,2.69,125,14,0.99,2.53,2.09,1.81,1.61,1.09,1.12,61.5,75.9
30,9,201109,4.23,63.6,2.97,2.97,0.36,2.67,49,91,0.62,1.39,0.59,1.81,2.09,1.91,1.33,55,72.3
30,2,201109,11.45,62.2,8.26,8.26,9.07,8.26,32,116,2.91,3.09,3.09,3.09,3.09,3.09,2.71,53.3,71
30,5,201109,9.27,65.1,6.65,6.65,5.94,6.65,67,64,2.16,3.09,2.9,3.04,3.09,2.89,2.23,56.3,73.8
30,6,201109,8.21,62.4,5.48,5.48,5.1,5.48,36,114,2.16,2.95,2.23,3.09,3,3.09,1.99,53.1,71.7
30,8,201109,4.46,62,4.14,4.14,0.86,4.14,34,124,0.59,1.69,1.23,2.27,2.31,2.4,2.13,51.9,72.1
30,5,201110,4.46,52.3,6.52,6.52,1.66,6.52,0,394,0.68,2.05,2.99,2.81,3.09,2.71,2.19,43,61.5
30,2,201110,4.27,49.4,7.83,7.83,1.25,7.83,0,484,0.51,2.77,3.09,3.09,3.09,3.09,2.61,39.8,58.9
30,7,201110,4.11,48.1,7.05,7.05,1.97,7.05,0,524,0.68,1.35,2.59,2.47,3.09,3.09,2.93,39.6,56.6
30,4,201110,5.74,56.6,3.42,3.42,3.02,3.42,6,267,1.08,1.3,2.41,1.96,1.85,1.36,1.21,48.3,65
30,10,201110,4.97,50.1,4.16,4.16,2.77,4.16,0,462,1.15,1.89,2.24,1.37,2.49,2.11,1.9,41.3,58.8
30,8,201110,3.6,49.4,3.95,3.95,0.71,3.95,0,484,0.18,0.5,1.36,1.51,2.51,1.85,2.22,40.8,58
30,9,201110,5.12,50.4,3.41,3.41,2.23,3.41,0,453,1.11,1.18,1.66,1.37,2.49,2.02,1.53,42,58.8
30,1,201110,5.19,48.3,4.1,4.1,3.06,4.1,0,518,1.23,1.99,2.01,1.41,2.98,2.81,2.14,38.8,57.7
30,6,201110,4.15,49.8,5.28,5.28,1.1,5.28,0,471,0.36,1.84,2.56,2.2,2.87,2.45,1.81,40.7,59
30,3,201110,4.63,46.4,4.6,4.6,0.94,4.6,0,577,0.44,0.91,1.77,2.12,3.07,2.57,2.14,37.3,55.6
30,8,201111,1.91,41.9,-0.68,2.86,-2.04,2.01,0,693,-1.16,-0.55,-0.07,0.38,2.16,1.74,2.24,32.8,50.9
30,3,201111,2.92,39.2,-0.8,3.33,-2.41,2.36,0,774,-0.76,-0.1,0.48,0.99,3.01,2.58,2.29,29.3,49
30,7,201111,2.09,41,-0.54,5.78,-1.62,5.14,0,720,-0.79,0.1,0.91,1.7,3.05,2.94,2.88,31.7,50.2
30,2,201111,3.36,42.8,-0.19,6.84,-0.56,6.58,0,666,0.03,0.37,2.36,2.82,3.09,3.09,2.71,32.5,53.2
30,4,201111,3.52,49.8,-0.09,2.98,-0.28,2.8,0,456,-0.01,0.76,1.09,1.95,1.79,1.61,1.4,40.9,58.6
30,9,201111,3.16,45,2.95,2.95,-0.3,2.77,0,600,-0.09,0.76,0.91,0.66,2.23,2.14,1.73,36.1,53.8
30,10,201111,3.09,44.7,3.87,3.87,0.43,3.87,0,609,0.35,1.03,1.7,1,2.3,2.25,2.05,35.4,54
30,6,201111,3.32,43.2,-0.39,4.35,-1.16,3.86,0,654,-0.2,0.12,1.47,1.81,2.69,2.48,1.94,33.1,53.3
30,5,201111,2.6,44.6,-0.42,5.43,-1.25,4.92,0,612,-0.53,0.2,1.7,2.58,3.09,2.92,2.31,34.3,54.9
30,1,201111,3.29,42.6,3.81,3.81,0.42,3.81,0,672,0.42,1.13,1.84,0.7,2.62,2.95,2.27,32.1,53
30,5,201112,4.08,34.8,-0.07,5.18,0.92,4.95,0,936,0.62,0.06,0.41,2.56,2.7,2.8,2.04,26.2,43.3
30,9,201112,3.77,33.3,3.01,3.01,1.09,3.01,0,983,0.72,0.32,0.91,0.95,1.92,2.15,1.95,26,40.6
30,3,201112,3.3,26.7,-0.97,2.73,-0.75,1.45,0,1187,-0.31,-0.75,-0.3,0.66,2.48,2.37,2.02,18.6,34.9
30,1,201112,3.23,32.3,3.77,3.77,1.04,3.77,0,1014,0.61,0.59,1.21,1.14,2.23,2.67,2.43,24.7,39.9
30,10,201112,2.68,33.4,3.63,3.63,0.47,3.63,0,980,0.24,0.34,0.96,1.28,2.03,2.2,2.44,26.1,40.8
30,8,201112,3.16,28,-0.55,2.63,0.18,1.81,0,1147,0.27,-0.61,-0.36,0.58,1.68,1.78,2.21,20.1,35.9
30,6,201112,3.27,31,-0.43,3.81,-0.26,3.18,0,1054,-0.1,-0.2,-0.03,1.64,2.46,2.38,2.08,23.1,39
30,7,201112,2.62,28,-0.56,5.11,-0.23,4.34,0,1147,-0.09,-0.58,0.03,1.62,2.43,2.63,2.51,20,36.1
30,2,201112,3.72,32.3,0.23,6.36,0.69,6.3,0,1014,0.47,0.29,0.46,2.78,3.09,3.09,2.81,24.2,40.3
30,4,201112,3.58,41.3,-0.22,2.53,-0.41,2.14,0,735,-0.13,-0.18,0.55,1.96,1.73,1.58,1.01,32.6,50
30,4,201201,2.82,36.5,-0.51,1.96,-0.95,1.14,0,884,-0.34,-0.35,-0.37,2.04,1.59,1.5,1.03,28.1,44.8
30,5,201201,2.6,29.5,-0.22,4.49,-0.46,4.04,0,1100,-0.1,0.31,-0.05,2.72,2.51,2.86,2.08,20.9,38
30,6,201201,3.55,25.7,-0.22,3.59,0.52,3.1,0,1218,0.44,0.09,-0.05,2.07,2.01,2.57,2.21,16.6,34.8
30,1,201201,3.14,26.3,3.88,3.88,1.5,3.88,0,1200,0.74,0.85,0.82,2.05,1.6,2.83,2.3,17.6,35
30,8,201201,3.06,20.2,-0.14,2.71,1.05,2.25,0,1389,0.64,0.52,-0.27,0.92,1.23,2.11,2.28,11.3,29.1
30,7,201201,2.82,21.5,-0.33,4.76,0.52,4.13,0,1348,0.4,0.08,-0.37,1.96,2.04,2.74,2.53,12.7,30.3
30,9,201201,3.86,27.9,3.4,3.4,2.09,3.4,0,1150,1.08,1.2,0.78,1.68,1.51,2.41,2,20.1,35.8
30,3,201201,4.26,20.4,-0.44,2.88,1.3,2.06,0,1383,0.76,0.23,-0.25,1.23,1.76,2.7,2.15,11.2,29.5
30,2,201201,2.98,26.7,0.29,5.79,0.25,5.77,0,1187,0.27,0.39,0.31,2.8,2.98,3.09,2.85,18,35.5
30,10,201201,3.12,28,3.91,3.91,1.96,3.91,0,1147,1.04,0.84,0.75,2.13,1.51,2.44,2.41,19.8,36.2
30,5,201202,1.04,33.4,-1.06,3.16,-2.62,1.73,0,885,-2.11,-1.32,-0.52,1.18,2.22,2.67,1.88,24.3,42.4
30,6,201202,1.05,28.8,-1.11,2.31,-2.75,0.78,0,1014,-1.95,-0.9,-0.83,0.79,1.37,2.4,2.12,20.1,37.6
30,7,201202,1.1,26,-1.01,3.56,-2.13,2.14,0,1092,-1.51,-0.68,-0.69,0.41,1.19,2.57,2.44,17.1,35
30,10,201202,0.97,31.6,-0.65,2.86,-1.95,2.04,0,935,-1.57,-0.1,-0.02,1.41,0.93,2.1,2.33,24.7,38.6
30,1,201202,1.15,31.3,-0.58,2.9,-1.75,2.16,0,944,-1.27,-0.23,0.12,1.58,0.72,2.44,2.29,24.2,38.4
30,9,201202,1.71,30.7,-0.43,2.62,-1.29,2.05,0,960,-0.8,0.31,0.61,1.07,0.85,2.27,2.02,24.2,37.3
30,8,201202,1.33,25.9,-0.69,1.86,-1.7,0.74,0,1095,-1.18,-0.38,-0.19,-0.2,0.26,2.02,2.42,17.8,34.1
30,3,201202,1.88,24.6,-0.96,2.02,-1.7,0.57,0,1131,-1.07,-0.15,-0.4,0.15,0.7,2.71,2.2,15.6,33.6
30,2,201202,0.95,30.5,-0.87,4.33,-2.6,3.3,0,966,-2.28,-1.06,-0.52,1.83,2.45,3.09,2.81,22.3,38.7
30,4,201202,1.27,38.6,-1.44,0.77,-2.95,-1.19,0,739,-1.77,-1.58,-1.24,0.19,1.35,1.2,0.68,30.3,46.9
30,5,201203,1.42,45.8,-2.29,1.5,-4.01,-1.31,0,595,-1.56,-2.69,-2.33,-0.84,1.86,2.2,1.5,34.6,57
30,3,201203,2.18,37.8,-1.75,0.92,-2.68,-1.39,0,843,-0.97,-1.48,-0.7,-0.74,0.17,2.07,2.03,26.1,49.4
30,1,201203,2.38,44.9,-1.38,1.74,-2.58,-0.03,0,623,-0.31,-1.07,-0.43,0.82,0.91,2.04,2.27,32.6,57.2
30,2,201203,2.07,43.8,-1.9,2.76,-3.37,0.48,0,657,-1.02,-2.16,-1.59,-0.48,2.04,2.98,2.5,32.1,55.7
30,10,201203,1.99,45.5,-1.62,1.53,-3.1,-0.5,0,604,-0.56,-1.55,-0.47,0.59,1.02,1.86,2.21,34.5,56.6
30,9,201203,2.15,45.1,-1.42,1.32,-3.09,-0.51,0,617,-0.63,-1.06,-0.08,0.69,0.81,1.87,2.06,34.5,55.7
30,7,201203,1.65,40,-1.97,2.13,-3.19,-0.37,0,775,-1.1,-1.85,-1.22,-0.83,0.97,2.11,2.27,28.8,51.2
30,8,201203,1.9,40.3,-1.44,0.85,-2.47,-1.13,0,766,-0.69,-1.34,-0.74,-0.77,0.17,1.39,2.58,29.6,51
30,6,201203,2.12,43,-2.04,1.03,-3.12,-1.54,0,682,-1.01,-2.13,-1.4,-0.92,0.81,1.94,1.83,31.3,54.6
30,4,201203,1.11,47.9,-2.7,-2.7,-4.21,-2.7,0,530,-2.21,-3.09,-3.09,-1.06,0.8,0.86,-0.18,39.1,56.6
30,6,201204,2.81,43.7,-2.24,-2.24,-1.24,-2.24,0,639,-0.53,-1.2,-2.12,-1.34,0.99,1.22,1.92,32.5,54.9
30,1,201204,2.38,42.8,-1.61,1.19,-1.1,-0.92,0,666,-0.62,-0.74,-1.31,-0.26,1.38,1.14,2.18,30.7,54.9
30,3,201204,3.39,40.4,-1.75,0.65,-0.53,-1.66,0,738,0.01,-0.78,-1.22,-1.03,0.44,1.12,2.21,29.6,51.2
30,5,201204,2.76,48.6,-2.56,0.84,-1.51,-2.28,0,492,-0.46,-1.44,-2.17,-1.5,1.96,1.85,1.54,36.4,60.7
30,10,201204,2.58,43.6,-1.66,1.16,-0.63,-1.01,0,642,-0.23,-0.64,-1.37,-0.3,1.46,1.06,2.12,32.7,54.5
30,7,201204,3.19,43.2,-1.82,1.85,-0.16,-0.58,0,654,0.27,-0.58,-1.22,-1.13,1.32,1.59,2.43,32.6,53.8
30,8,201204,3.36,42.2,-1.17,0.88,0.36,-0.86,0,684,0.43,-0.16,-0.74,-0.68,0.42,0.83,2.67,32.2,52.2
30,4,201204,3.24,52.2,-2.89,-2.89,-1.42,-2.89,0,384,-0.27,-1.65,-2.61,-1.9,0.85,0.65,-0.14,42.2,62.3
30,9,201204,2.73,43.7,-1.49,0.96,-0.66,-1.04,0,639,-0.27,-0.63,-1.02,-0.09,1.12,1.1,2.09,33.2,54.1
30,2,201204,2.9,43.7,-2.05,2.13,-1.04,-0.44,0,639,-0.38,-1.09,-2.02,-0.99,2.11,2.38,2.54,31.7,55.7
30,1,201205,2.93,61.3,-2.11,-2.11,-2.01,-2.11,50,165,-0.3,-0.56,-0.74,-0.57,0.88,0.31,2.2,48.3,74.3
30,8,201205,2.95,59.3,-1.49,-1.49,-1.31,-1.49,28,204,-0.11,0.18,-0.16,-0.29,-0.25,0.12,2.81,47.4,71.1
30,6,201205,5.93,60.5,-1.48,-1.48,1.57,-0.72,37,177,1.33,0.75,0.18,-0.43,0.65,1.22,2.51,48.9,72
30,5,201205,5.16,62.6,-2.11,0.93,0.55,-1.78,50,124,0.94,0.41,-0.4,-0.69,0.67,1.88,1.86,52,73.2
30,2,201205,5.16,60.4,-1.68,2.07,0.47,-0.23,33,175,0.94,0.46,-0.1,-0.46,1.46,2.22,2.86,48.9,71.9
30,4,201205,4.63,62.5,-2.54,-2.54,0.16,-2.41,37,115,0.6,0.26,-0.88,-1.67,-0.36,0.74,0.01,54.9,70.1
30,3,201205,4.52,56.9,-1.57,0.58,-0.01,-1.55,15,266,0.52,0.38,-0.18,-0.41,-0.03,0.44,2.42,44.7,69.1
30,10,201205,3.11,61.9,-1.95,0.58,-1.38,-1.91,57,153,-0.04,-0.14,-0.47,-0.45,0.92,0.63,2.31,50.3,73.6
30,9,201205,2.48,61.7,-2.06,-2.06,-2.18,-2.06,52,155,-0.55,-0.5,-0.78,-0.27,0.41,0.37,2.08,50.5,73
30,7,201205,4.28,58.8,-1.49,1.81,0.43,-0.38,23,215,0.77,0.66,0.1,-0.36,0.31,1.01,2.59,47.4,70.2
30,1,201206,3.61,64,-2.13,-2.13,-0.7,-2.13,54,84,-0.14,-0.38,-0.6,-0.82,0.14,0.41,2.01,52,76
30,10,201206,3.11,65.8,-2,-2,-0.76,-2,78,54,-0.22,-0.25,-0.34,-0.63,0.14,0.62,1.8,55.2,76.5
30,6,201206,2.93,64.1,-1.7,-1.7,-1.1,-1.37,52,79,-0.66,0.42,0.18,-0.69,-0.61,0.7,1.79,53,75.2
30,9,201206,3.29,66.5,-2.01,-2.01,-0.49,-2.01,88,43,0.05,-0.4,-0.43,-0.53,0.2,0.39,1.56,56.3,76.6
30,3,201206,3.85,61.2,-1.43,-1.43,-0.05,-1.43,18,132,-0.01,0.28,0.23,-0.26,-0.43,0.24,1.85,50.1,72.2
30,7,201206,3.2,63.7,-1.45,1.5,-0.35,-0.67,39,78,-0.14,0.37,0.38,-0.33,-0.32,0.93,2.25,52.8,74.6
30,5,201206,3.24,66.8,-2.14,0.59,-0.75,-2.11,85,31,-0.29,0.43,0.12,-1.15,-0.57,1.55,1.75,55.7,77.9
30,8,201206,3.5,64.9,-1.34,-1.34,-0.02,-1.27,59,62,0.09,-0.13,0.12,-0.34,-0.46,0.21,2.01,54.2,75.5
30,2,201206,2.73,63.5,-2.04,1.32,-1.59,-1.35,40,85,-0.87,0.09,-0.11,-1.09,-0.49,1.72,2.45,52.1,74.7
30,4,201206,6.34,68.8,-1.23,-1.23,3.16,0.26,125,11,1.4,1.34,1.02,-0.61,-0.07,1.08,0.47,59.6,78
30,1,201207,3.42,70.5,-2.22,-2.22,-0.93,-2.22,179,8,-0.09,-0.25,-0.5,-1.09,-0.56,0.87,1.93,58.1,82.9
30,5,201207,3.67,74.3,-2.19,-2.19,-0.81,-2.19,288,0,-0.08,-0.35,0.2,-1.09,-0.95,1.6,1.88,62.7,85.9
30,6,201207,2.2,71.7,-2.38,-2.38,-2.57,-2.38,213,5,-1.46,-1.34,-0.31,-1.34,-1.21,0.57,1.67,59.5,83.9
30,3,201207,3.44,67.1,-1.64,-1.64,-1.07,-1.64,97,31,-0.48,-0.33,0.01,-0.78,-0.81,0.35,1.85,54.9,79.2
30,10,201207,2.94,72.5,-2.23,-2.23,-1.3,-2.23,236,0,-0.35,-0.44,-0.46,-1.1,-0.56,0.99,1.61,61,83.9
30,7,201207,3.04,69.5,-1.61,1.04,-0.93,-1.24,151,11,-0.48,-0.41,0.09,-0.64,-0.79,1.02,2.25,57.5,81.5
30,8,201207,2.71,69.8,-1.73,-1.73,-1.59,-1.73,159,11,-0.79,-0.46,-0.49,-0.85,-0.85,0.11,1.89,57.2,82.4
30,2,201207,3.63,71.1,-2.17,0.84,-1.03,-1.93,194,5,-0.29,-0.85,-0.2,-1.23,-0.84,1.7,2.56,58.8,83.4
30,4,201207,3.52,76.7,-1.08,-1.08,0.07,0.4,363,0,0.04,1.04,1.07,-0.4,-0.59,1.2,0.53,68,85.3
30,9,201207,2.25,73,-2.59,-2.59,-2.36,-2.59,251,0,-0.96,-0.56,-0.82,-1.24,-0.58,0.49,1.24,61.8,84.1
30,5,201208,3.59,71.4,-2.31,-2.31,-1.03,-2.31,204,5,-0.02,-0.23,-0.43,-0.66,-0.85,0.29,1.91,60.1,82.7
30,8,201208,1.97,68.9,-2.7,-2.7,-3.42,-2.7,144,23,-1.24,-1.5,-1.24,-1.07,-0.98,-0.79,1.32,57.5,80.4
30,7,201208,2.49,67.9,-2.28,-2.28,-2.51,-2.28,120,30,-0.87,-1.06,-0.99,-0.58,-0.82,-0.15,2.07,56.4,79.4
30,9,201208,2.52,69.5,-3.12,-3.12,-2.39,-3.12,157,17,-0.74,-1.28,-0.91,-1.27,-0.82,-0.13,1.13,58.7,80.4
30,1,201208,3.44,66.8,-2.16,-2.16,-0.51,-2.16,101,46,0.03,-0.14,-0.23,-0.77,-0.69,0.48,2.06,54.6,79.1
30,6,201208,3.33,68.4,-2.69,-2.69,-1.66,-2.69,131,25,-0.41,-1.34,-1.48,-0.97,-1.26,-0.17,1.34,56.4,80.4
30,4,201208,3.72,74.7,-1.07,-1.07,-0.32,0.24,301,0,0.05,-0.07,0.77,-0.01,-0.67,0.06,0.65,66.2,83.1
30,2,201208,4.16,67.6,-2.01,0.69,-0.2,-1.91,111,30,0.32,-0.13,-0.58,-0.6,-0.78,0.86,2.42,55.9,79.4
30,3,201208,2.94,65,-2.24,-2.24,-2.32,-2.24,70,70,-0.87,-1.06,-0.83,-0.79,-0.88,-0.43,1.54,53.1,76.8
30,10,201208,2.88,69,-2.43,-2.43,-1.3,-2.43,146,22,-0.28,-0.52,-0.54,-0.82,-0.76,0.37,1.41,57.6,80.4
30,1,201209,4.15,59,0.25,-1.69,0.74,-1.3,12,192,0.54,0.37,0.21,-0.4,-0.59,0.1,2.01,47.4,70.5
30,2,201209,5.01,59.5,-1.45,0.98,1.08,-1.16,12,177,0.75,0.71,0.39,0.1,-0.6,-0.2,2.64,48.2,70.7
30,4,201209,4.08,66.7,-0.85,-0.85,0.33,0.52,83,32,0.44,0.19,0.15,0.74,-0.49,-0.11,0.68,58.3,75
30,7,201209,5.29,58.2,0.6,-1.45,1.79,-0.59,9,213,1.23,0.52,0.07,0.32,-0.25,-0.27,2.25,47.4,68.9
30,6,201209,4.13,59.7,-2.63,-2.63,-0.66,-2.63,15,174,0.18,-0.14,-1.02,-0.56,-1.2,-1.04,1.49,48.2,71.2
30,9,201209,4.43,61.4,0.23,-2.57,0.69,-2.23,25,133,0.76,0.16,-0.36,-0.62,-0.7,-0.06,1.22,50.9,71.9
30,8,201209,5.57,59.2,0.52,-1.89,1.57,-1.17,14,188,1.26,0.19,-0.29,-0.11,-0.47,-0.58,1.34,47.9,70.5
30,5,201209,5.85,62.6,-1.48,-1.48,1.78,-0.63,33,105,1.08,0.73,0.5,0.36,-0.53,-0.22,2.13,51.8,73.4
30,3,201209,5.67,56.2,-1.76,-1.76,0.76,-1.36,0,269,1,0.22,-0.16,0.01,-0.34,-0.51,1.79,45.1,67.4
30,10,201209,3.8,60.9,0.12,-2.07,0.35,-1.85,23,146,0.46,0.12,-0.12,-0.42,-0.63,-0.03,1.45,49.9,71.8
30,8,201210,4.06,50.5,0.63,-1.54,0.49,-0.58,0,450,0.46,1.15,0.41,-0.04,-0.41,-0.53,0.83,42,59.1
30,3,201210,5.8,47.9,-0.9,-0.9,2.02,0.44,0,530,0.99,1.3,0.79,0.51,-0.07,-0.29,1.58,39.5,56.3
30,4,201210,2.59,57.9,-1.15,-1.15,-1.16,-0.19,10,230,-0.29,-0.04,-0.06,0.69,-0.48,-0.62,0.52,50.3,65.5
30,2,201210,4.64,50.4,-0.9,1.28,1.2,-0.45,0,453,0.68,0.89,0.81,0.47,-0.35,-0.16,2.23,41.8,59.1
30,1,201210,5.15,49.8,1.06,-0.68,2.52,0.89,0,471,1.21,1.25,0.98,0.32,-0.26,0.07,2.05,39.8,59.9
30,9,201210,5.41,51.8,0.94,-1.57,2.21,-0.28,0,409,1.28,1.4,0.88,0.08,-0.37,-0.01,1.31,43.3,60.3
30,7,201210,5.11,49.7,1.32,1.32,2.35,1.32,0,474,1.21,1.53,1.05,0.76,0.18,-0.09,2.09,41.3,58.1
30,6,201210,4.81,50.7,-2.21,-2.21,0.46,-1.95,0,443,0.69,0.52,0.24,-0.06,-0.93,-0.92,1.16,42.5,59
30,10,201210,4.83,51.4,0.69,-1.26,1.77,-0.23,0,422,1.08,1.06,0.74,0.17,-0.37,-0.06,1.38,42.6,60.2
30,5,201210,4.78,53.5,-0.8,-0.8,1.58,0.74,0,360,0.81,1.22,0.91,0.78,-0.15,-0.17,1.9,45.1,62
30,6,201211,1.35,35.7,-3.03,-3.03,-3.14,-3.03,0,879,-2.14,-0.5,-0.4,-1.26,-1.06,-1.35,0.94,27.5,43.9
30,10,201211,1.17,37.1,-0.65,-1.78,-1.94,-1.52,0,837,-1.71,0.12,0.26,-0.25,-0.53,-0.5,1.2,29.7,44.5
30,5,201211,0.81,38.2,-1.62,-1.62,-2.7,-1.18,0,804,-2.04,-0.43,0.31,-0.1,-0.37,-0.55,1.75,29.5,46.8
30,4,201211,1.58,42.8,-1.83,-1.83,-2.39,-1.48,0,666,-1.25,-1.15,-0.74,0.11,-0.48,-1.1,0.43,35,50.5
30,8,201211,0.94,33.3,-0.83,-2.21,-2.48,-2.19,0,951,-2.43,-0.86,0.18,-0.68,-0.74,-0.76,0.6,24.6,41.9
30,9,201211,1.43,37.4,0.13,-2.12,-2.13,-1.66,0,828,-1.91,0.05,0.42,-0.27,-0.71,-0.45,1.06,29.8,45.1
30,3,201211,1.34,31.5,-2.03,-2.03,-3.64,-2.03,0,1005,-2.3,-0.3,0.3,-0.42,-0.49,-0.65,1.39,22.6,40.4
30,1,201211,1.06,35.5,0.32,-1.24,-1.9,-0.52,0,885,-2.28,0.14,0.34,-0.03,-0.48,-0.43,1.74,27.5,43.5
30,7,201211,0.72,33.4,-0.87,-0.87,-2.62,-0.87,0,948,-3.09,-0.09,0.63,-0.23,-0.11,-0.37,1.88,25,41.8
30,2,201211,1.29,35.6,-1.62,-1.62,-2.43,-1.62,0,882,-1.79,-0.36,0.1,-0.38,-0.47,-0.61,2.06,27.6,43.7
30,3,201212,5.77,26.4,0.84,-0.98,2.52,0.25,0,1197,1.43,-0.24,0.49,0.18,0.24,-0.03,1.68,19.2,33.5
30,2,201212,5.68,32.1,1.11,1.11,3.33,1.11,0,1020,1.69,0.24,0.55,0.57,0.33,-0.18,2.33,25.8,38.4
30,1,201212,5.38,33.1,1.74,1.74,4.38,1.74,0,989,2.29,0.54,1.17,0.83,0.28,0.1,2.1,26.8,39.4
30,4,201212,5.92,40.8,-1.15,-1.15,1.48,-0.19,0,750,1.17,-0.02,-0.27,-0.17,0.45,-0.58,0.74,34,47.6
30,7,201212,4.72,27.4,0.93,0.93,2.78,0.93,0,1166,1.44,-0.12,0.67,0.45,0.55,0.14,1.9,20.1,34.7
30,6,201212,5.42,30.5,-1.84,-1.84,2.62,-0.71,0,1070,1.45,-0.1,0.3,-0.5,-0.31,-0.81,1.27,24.2,36.8
30,9,201212,5.05,33.7,1.16,-0.86,3.12,0.81,0,970,1.8,0.05,0.85,0.33,-0.02,-0.1,1.49,27.3,40.1
30,8,201212,5.65,26.6,1.33,-0.65,3.98,1.19,0,1190,2.03,0.3,0.52,0.14,0.16,-0.14,1.14,18.7,34.5
30,5,201212,4.39,34.1,-1,-1,1.35,-0.01,0,958,0.81,-0.7,0.03,0.3,0.26,-0.44,1.67,27,41.1
30,10,201212,5.35,33.7,1.48,1.48,4.45,1.48,0,970,2.42,0.75,1.17,0.69,0.32,0.13,1.72,27.5,39.8
30,10,201301,1.65,26.8,-0.21,1.12,-0.64,0.7,0,1184,-0.58,1.7,0.35,0.76,0.3,-0.19,1.64,19,34.6
30,2,201301,1.91,24.8,-0.42,0.58,-1.25,-0.36,0,1246,-0.78,0.88,-0.22,0.53,0.28,-0.42,2.32,16.2,33.5
30,4,201301,2.28,33.8,-1.48,-1.48,-1.35,-1,0,967,-0.79,0.42,-0.43,-0.43,0.35,-0.67,0.62,26.3,41.3
30,5,201301,1.89,26.8,-1.35,-1.35,-1.35,-0.85,0,1184,-0.79,0.1,-1.13,0.18,0.19,-0.59,1.63,17.9,35.7
30,1,201301,2.21,26.3,0,1.56,0,1.49,0,1200,-0.12,1.63,0.28,0.95,0.41,-0.1,2.03,18.5,34.1
30,8,201301,2.06,19.7,-0.23,-0.81,-0.68,0.65,0,1404,-0.42,1.47,0,0.3,-0.07,-0.38,1.27,9.7,29.7
30,9,201301,2.38,26.8,0.9,-0.92,-0.43,0.52,0,1184,-0.36,1.07,-0.26,0.55,-0.04,-0.44,1.47,18.9,34.7
30,7,201301,1.59,19,-0.48,-0.48,-1.43,-0.48,0,1426,-0.93,0.65,-0.66,0.48,0.33,-0.12,1.85,9.1,29
30,3,201301,2.86,18.2,-0.22,-1.1,-0.67,-0.17,0,1451,-0.35,0.81,-0.48,0.3,0.14,-0.34,1.71,8.4,27.9
30,6,201301,2.02,22.9,-2.17,-2.17,-1.57,-1.65,0,1305,-0.99,0.45,-0.68,-0.28,-0.43,-1.15,1.2,14.2,31.6
30,7,201302,1.82,20.2,-0.72,-0.72,-0.89,-0.72,0,1254,-0.45,-1.12,0.27,0.63,-0.07,0.01,1.71,11.6,28.9
30,1,201302,2.14,23.9,-0.02,1.38,-0.07,1.19,0,1151,0.13,-0.18,1.39,1.05,0.6,0.12,1.82,16.4,31.4
30,8,201302,2.27,19.4,-0.24,-0.76,-0.1,0.6,0,1277,0.06,-0.43,1.19,0.81,-0.07,-0.19,1.26,10.9,27.8
30,10,201302,2.29,24.7,-0.07,1.12,0.36,0.82,0,1128,0.43,-0.23,1.58,1.01,0.42,0.12,1.54,18,31.5
30,6,201302,2.35,22.5,-2.2,-2.2,-0.73,-1.9,0,1190,-0.4,-1.09,0.15,-0.27,-1.09,-0.9,1.07,14.7,30.3
30,3,201302,2.72,17.7,-0.34,-1.12,-0.41,-0.36,0,1324,-0.17,-0.52,0.53,0.55,-0.12,-0.21,1.66,8.1,27.2
30,2,201302,2.03,24,-0.67,-0.67,-0.9,-0.67,0,1148,-0.51,-1.06,0.47,0.34,-0.13,-0.23,2.27,16.7,31.4
30,5,201302,1.99,27.5,-1.54,-1.54,-1.01,-1.3,0,1050,-0.56,-1.14,-0.24,0.09,-0.23,-0.43,1.51,19.8,35.2
30,9,201302,2.89,24,1.07,-0.55,0.81,1.07,0,1148,0.65,0.06,1.2,0.99,0.27,-0.17,1.45,17,31.1
30,4,201302,4.38,32.7,-0.82,-0.82,1.51,0.22,0,904,0.78,-0.06,0.67,-0.15,0.36,-0.13,0.7,26,39.3
30,1,201303,1.17,29.8,-0.81,-0.81,-2.37,-0.81,0,1091,-1.81,-1.29,-1.25,0.38,0.35,-0.15,1.39,22.4,37.2
30,2,201303,2.06,30.3,-1.12,-1.12,-1.55,-1.12,0,1076,-1.03,-1.17,-1.59,-0.4,-0.08,-0.21,1.93,22.2,38.3
30,4,201303,2.58,38.7,-1.3,-1.3,-1.68,-0.79,0,815,-0.92,-0.16,-0.67,-0.66,-0.52,0.12,0.62,31.6,45.8
30,5,201303,2.31,34.4,-1.82,-1.82,-1.32,-1.82,0,949,-0.72,-0.98,-1.49,-0.85,-0.35,-0.27,1.24,26.1,42.7
30,7,201303,2.28,29.6,-0.89,-0.89,-0.74,-0.89,0,1097,-0.48,-0.68,-1.14,-0.14,-0.14,0.1,1.4,21.5,37.8
30,3,201303,2.29,26.1,-0.8,-1.51,-1.51,-1.27,0,1206,-0.88,-0.81,-0.94,-0.24,-0.33,-0.21,1.18,17,35.2
30,6,201303,1.91,30.2,-2.58,-2.58,-1.82,-2.58,0,1079,-1.2,-1.2,-1.69,-0.79,-1.18,-0.92,0.66,22,38.5
30,9,201303,1.32,31.4,0.2,-1.26,-2.29,-0.4,0,1042,-1.61,-0.72,-0.94,0.23,-0.12,-0.38,1.04,24.6,38.3
30,10,201303,1.09,31.1,-0.85,-0.85,-2.34,-0.85,0,1051,-1.77,-1.03,-1.36,0.44,0.2,-0.1,1.24,24.1,38.2
30,8,201303,1.08,29.4,-1,-1.47,-2.35,-0.96,0,1104,-1.55,-1.23,-1.31,-0.36,-0.46,-0.37,0.64,21.5,37.3
30,2,201304,3.27,43.2,-1.14,-1.14,-0.4,-1.14,0,654,-0.05,-0.8,-1.02,-0.89,-0.01,-0.15,1.45,31.9,54.5
30,1,201304,3.24,44.2,-0.71,-0.71,0.04,-0.71,0,624,0.22,-1.02,-0.85,-0.42,0.51,0.1,0.79,32.3,56.2
30,9,201304,3.61,44.6,0.42,-0.89,0.72,0.15,0,612,0.59,-0.59,-0.21,-0.37,0.36,-0.15,0.55,34.1,55.2
30,5,201304,2.22,46.8,-2.29,-2.29,-1.95,-2.29,0,546,-0.95,-1.2,-1.37,-1.84,-0.55,-0.39,0.9,35.4,58.2
30,3,201304,3.35,38.4,-0.79,-1.42,-0.2,-1.2,0,798,-0.03,-0.73,-0.75,-0.9,-0.16,-0.22,0.51,27.6,49.2
30,6,201304,4.17,42.4,0.35,-1.96,1.06,-1.44,0,678,0.64,-0.39,-0.56,-0.97,-0.57,-0.67,0.29,31.8,53
30,8,201304,2.52,42.1,-1.21,-1.64,-0.96,-1.36,0,687,-0.32,-1.35,-1.18,-0.76,-0.3,-0.54,0.08,31.3,52.8
30,10,201304,3.27,44.5,-0.63,-0.63,0.37,-0.63,0,615,0.43,-0.81,-0.51,-0.13,0.49,0.13,0.68,33.6,55.4
30,4,201304,1.67,49.6,-2.03,-2.03,-2.61,-2.03,0,462,-1.61,-1.72,-0.97,-1.02,-0.92,-0.14,0.33,40.4,58.8
30,7,201304,2.27,42,-1.28,-1.28,-1.44,-1.28,0,690,-0.56,-0.79,-0.93,-1.16,-0.1,-0.1,0.89,31,53.1
30,9,201305,3.6,59.1,0.31,-0.86,-0.18,0.09,28,211,0.35,0.59,-0.15,0.58,0.65,0.11,0.24,47.5,70.7
30,5,201305,5.26,59.2,0.37,-1.68,1.12,-1.12,19,199,0.99,0.22,-0.22,-0.37,-0.14,-0.39,0.94,46.7,71.6
30,2,201305,4.69,55.9,0.2,-0.82,0.61,-0.32,9,291,0.65,0.42,-0.15,0.2,0.13,-0.24,1.3,43.2,68.6
30,8,201305,4.18,57.4,0.22,-1.25,0.65,-0.65,17,252,0.76,0.37,-0.37,0.41,0.37,-0.24,-0.21,45.2,69.6
30,1,201305,3.78,57.1,-0.71,-0.71,-0.21,-0.71,18,263,0.29,0.34,-0.47,0.45,0.53,0.31,0.3,43.9,70.3
30,10,201305,3.48,58.8,-0.68,-0.68,-0.34,-0.68,28,220,0.24,0.42,-0.39,0.62,0.6,0.2,0.42,46.9,70.8
30,7,201305,5.52,56.6,0.8,0.8,2.39,0.8,13,273,1.47,0.8,0.51,0.5,0.69,0.15,0.68,44,69.1
30,4,201305,3.47,58.9,-1.99,-1.99,-0.49,-1.99,11,200,-0.06,-1.01,-1.53,-0.5,-0.9,-0.35,0.27,49.4,68.3
30,3,201305,4.31,54.3,0.04,-1.23,0.12,-0.89,7,339,0.39,0.27,-0.24,0.15,0.25,-0.26,0.12,41.6,67.1
30,6,201305,4.36,57.1,0.41,-1.66,0.28,-0.97,15,260,0.42,0.66,0,0.08,-0.27,-0.97,0.09,45,69.2
30,10,201306,6.21,64.6,1.22,1.22,3.65,1.22,60,72,1.51,1.27,1.19,0.5,1.06,0.79,0.86,55.1,74.1
30,2,201306,7.68,63.8,1.84,1.84,4.97,1.84,44,80,1.76,1.64,1.37,0.5,0.64,0.66,1.47,53.1,74.5
30,9,201306,6.65,64.6,1.9,1.9,4.86,1.9,58,70,1.98,1.74,1.6,1.05,1.22,0.83,0.74,55.6,73.5
30,7,201306,8.72,62.6,3.32,3.32,7.81,3.32,26,98,2.55,2.64,2.12,1.35,1.3,1.15,1.23,52.3,72.8
30,3,201306,8.49,60.2,2.05,2.05,6.05,2.05,12,156,2.07,1.84,1.55,0.88,0.87,0.67,0.55,50,70.4
30,1,201306,4.2,63.5,0.11,0.11,0.34,-0.52,47,92,0.25,0.27,0.29,-0.39,0.4,0.38,0.47,52.5,74.4
30,5,201306,8.63,67.5,2.29,2.29,5.88,2.29,99,24,2.2,2.1,1.55,0.64,0.45,0.52,1.24,56.7,78.2
30,8,201306,7.67,62.6,2.34,2.34,6.43,2.34,29,101,2.2,2.24,1.72,0.87,0.88,0.61,0.45,53,72.2
30,6,201306,8.52,64.1,2.35,2.35,5.93,2.35,52,79,2.08,1.86,1.8,0.81,0.73,0.12,0.49,53.9,74.3
30,4,201306,8.62,69.4,1.85,1.85,5.55,1.85,141,9,2.08,1.62,0.91,0.32,0.08,0,0.74,61.2,77.7
30,1,201307,4.35,69.3,0.44,0.44,1.01,0.44,147,14,0.53,0.44,0.36,-0.15,-0.02,0.57,0.94,58.5,80.1
30,2,201307,5.52,71.3,2.18,2.18,1.58,2.18,200,0,0.97,1.95,1.9,1.11,0.75,0.98,1.78,61.3,81.2
30,8,201307,4.01,69.4,2.39,2.39,0.88,2.39,149,13,0.42,1.94,1.95,1.07,0.84,0.86,0.56,58.9,80
30,9,201307,3.79,71.5,2.17,2.17,1.4,2.17,207,5,0.46,1.69,1.62,1.21,0.88,1.17,1.03,62.4,80.5
30,10,201307,4.52,71.1,1.76,1.76,2.01,1.76,196,7,0.81,1.51,1.39,0.93,0.93,1.14,1.37,61.6,80.6
30,5,201307,4.15,75.1,2.01,2.01,-0.14,1.88,313,0,0.23,1.71,1.8,0.88,0.21,0.59,1.43,65.6,84.6
30,6,201307,6.19,71.9,2.94,2.94,2.51,2.94,219,0,1.33,2.31,2.14,1.57,0.98,0.94,0.98,62.4,81.4
30,4,201307,2.31,77.7,-0.44,1.22,-1.31,0.53,394,0,-0.77,1.34,1.05,0.29,-0.02,-0.17,0.76,70.4,85.1
30,7,201307,4.3,69.9,3.33,3.33,1.08,3.33,162,10,0.55,2.06,2.26,1.63,1.08,1.34,1.45,59.7,80.2
30,3,201307,5.23,67.7,2.25,2.25,1.23,2.25,109,25,0.81,1.95,1.82,1.23,0.77,1.02,0.86,57.5,78
30,6,201308,2.68,65.9,2.32,2.32,-0.97,1.85,83,55,-1.03,0.47,1.67,1.33,1.23,0.78,0.37,55,76.8
30,8,201308,3.14,65.7,2.03,2.03,-0.35,1.81,82,61,-0.32,-0.07,1.58,0.96,1.31,1.05,0.12,55.4,75.9
30,2,201308,5.28,64.8,2.9,2.9,2.83,2.9,62,68,0.96,1.24,1.9,1.5,1.47,1.13,1.35,53.7,75.9
30,1,201308,3.65,64.5,0.72,0.72,0.99,0.72,64,80,0.19,0.41,0.43,-0.12,0.51,0.56,0.74,52.5,76.4
30,7,201308,2.8,65,2.73,2.73,-0.77,2.37,69,69,-0.61,-0.13,1.74,1.53,1.41,1.36,0.81,54.3,75.7
30,3,201308,3.72,62.3,2.08,2.08,0.17,2.08,34,117,-0.32,0.33,1.75,1.21,1.27,1.1,0.47,51.3,73.3
30,4,201308,2.53,71.7,-0.91,0.58,-1.55,-0.86,211,0,-0.62,-1.08,0.74,-0.32,0.04,-0.37,-0.23,63.5,80
30,10,201308,4.25,66.5,2.48,2.48,2.68,2.48,95,49,0.87,1.07,1.58,1.08,1.6,1.41,1.2,56,77
30,9,201308,3.22,67.2,2.09,2.09,0.44,2.09,106,38,-0.03,0.28,1.5,1.02,1.43,1.33,0.75,57.4,77.1
30,5,201308,4.1,68.5,1.98,1.98,0.54,1.98,126,18,0.3,0.21,1.47,0.99,0.72,0.67,0.62,57.8,79.1
30,9,201309,3.42,59.7,1.94,1.94,0.19,1.94,14,173,0.01,-0.01,0.23,1.28,0.88,1.09,0.66,49.3,70.2
30,10,201309,3.12,59.2,2.41,2.41,0.56,2.41,13,187,-0.04,0.49,0.8,1.32,0.82,1.24,0.82,48.2,70.2
30,8,201309,5.73,57,2.84,2.84,3.07,2.84,6,246,1.35,0.85,0.85,1.79,1.16,1.14,0.33,46.2,67.8
30,5,201309,3.3,60.8,-0.09,1.68,-0.28,1.48,18,144,-0.08,0.01,0.03,1.05,0.41,0.31,-0.02,49.4,72.3
30,3,201309,3.26,54.6,1.64,1.64,-0.66,1.27,0,312,-0.53,-0.68,-0.09,1.26,0.7,0.75,0.16,43.1,66.1
30,6,201309,3.71,58.5,2.05,2.05,-0.07,1.51,10,205,-0.08,-0.8,0.3,1.58,0.77,0.74,-0.18,47,70
30,7,201309,3.32,57.2,2.45,2.45,0.01,2.03,6,240,0.08,-0.43,-0.12,1.62,1.08,1.12,0.54,46.5,67.8
30,4,201309,2.52,64.4,-1.19,-1.19,-1.12,-1.19,47,65,-0.44,-0.87,-1.32,-0.15,-0.57,-0.59,-0.58,54.9,74
30,1,201309,3.31,57.6,0.75,0.75,0.31,0.75,7,229,-0.04,0.05,0.32,0.28,-0.22,0.39,0.34,45.3,69.9
30,2,201309,3.53,58,2.74,2.74,0.41,2.74,7,217,-0.01,0.57,0.88,1.54,0.91,0.91,0.45,46.2,69.7
30,4,201310,0.33,57.5,-2.36,-2.36,-3.9,-2.36,8,241,-3.09,-1.83,-2.29,-0.38,-0.91,-1.03,-1.21,48.4,66.6
30,6,201310,3.59,50.8,1.86,1.86,0.04,1.29,0,440,0.05,-0.17,-0.6,1.25,0.92,0.52,-0.24,40.8,60.8
30,7,201310,2.41,48.5,1.87,1.87,-0.99,1.01,0,512,-0.43,-0.3,-0.61,1.55,1.06,0.64,0.31,38.4,58.7
30,9,201310,4.92,52.1,2.45,2.45,2.14,2.45,0,400,0.99,0.72,0.57,1.49,1.28,1.01,0.6,42.7,61.5
30,2,201310,2.56,51,2.15,2.15,-0.92,1.7,0,434,-0.47,-0.52,0.1,1.28,0.83,0.6,0.24,40.4,61.6
30,8,201310,2.95,49.6,2.6,2.6,0.16,2.6,0,477,-0.25,0.77,0.49,1.69,1.12,0.93,0.19,39.1,60
30,3,201310,3.73,46.6,1.44,1.44,-0.09,0.97,0,570,-0.04,-0.45,-0.57,1.14,0.72,0.33,-0.01,36.3,56.8
30,10,201310,3.69,51.9,2.55,2.55,1.16,2.55,0,406,0.46,0.24,0.57,1.29,1.01,1.02,0.63,42.2,61.6
30,1,201310,3.87,50.9,1.08,1.08,1.22,1.08,0,437,0.53,0.29,0.3,0.43,0,0.09,0.11,40.1,61.7
30,5,201310,1.79,52.9,-0.72,0.87,-1.91,-0.27,0,375,-0.9,-0.8,-0.53,0.95,0.3,-0.17,-0.32,42.2,63.6
30,2,201311,3.83,34.5,2.24,2.24,0.96,2.13,0,915,0.36,-0.15,-0.27,1.21,1,1.05,0.31,25.6,43.4
30,1,201311,3.74,34.1,1.67,1.67,2.08,1.67,0,927,0.73,0.78,0.56,0.58,0.19,0.71,0.19,25.7,42.6
30,9,201311,3.97,36,2.85,2.85,1.95,2.85,0,870,0.56,1.04,0.84,1.53,1.29,1.64,0.73,28.3,43.8
30,5,201311,3.14,37.7,-0.91,-0.91,-0.78,-0.91,0,819,-0.14,-0.76,-0.82,0.6,0.34,0.21,-0.27,28.2,47.2
30,8,201311,3.96,32.1,3.01,3.01,2.02,3.01,0,987,0.69,0.22,0.95,1.69,1.28,1.59,0.49,23.9,40.2
30,7,201311,3.56,32,1.94,1.94,0.78,1.35,0,990,0.49,-0.02,-0.08,1.26,1.22,1.2,0.52,23.3,40.7
30,4,201311,2.75,43.7,-2.81,-2.81,-2.06,-2.81,0,639,-0.46,-1.78,-1.81,-0.58,-1.35,-0.91,-1.31,35.1,52.3
30,6,201311,4.77,33.8,2.26,2.26,1.79,2.26,0,936,0.83,0.49,0.27,1.4,1.2,1.17,-0.01,24.9,42.7
30,3,201311,5.87,29.2,2.19,2.19,2.68,2.19,0,1074,1.31,0.76,0.32,1.54,1.17,1.29,0.41,20.1,38.3
30,10,201311,3.54,35.5,3,3,2.16,3,0,885,0.68,0.68,0.48,1.45,1.13,1.53,0.71,27.5,43.6
30,2,201312,3.83,26.5,2.3,2.3,0.87,2.3,0,1194,0.55,0.56,0.06,0.6,1.26,0.74,0.35,18.6,34.5
30,6,201312,3.48,24.6,2.04,2.04,0.02,1.98,0,1252,0.07,0.63,0.39,0.37,1.41,0.8,-0.03,16.7,32.6
30,4,201312,4.89,37,-2.38,-2.38,0.43,-2.14,0,868,0.63,0.04,-0.99,-1.71,-0.72,-1.06,-1.1,29.6,44.4
30,8,201312,3.32,18.4,2.84,2.84,0.43,2.84,0,1445,0.4,0.67,0.34,0.75,1.56,1.11,0.58,10.3,26.5
30,7,201312,3.24,20.8,1.96,1.96,0.66,1.56,0,1370,0.42,0.57,0.19,-0.04,1.28,0.9,0.61,13,28.5
30,1,201312,3.2,27.1,1.84,1.84,1.02,1.84,0,1175,0.58,0.81,0.88,0.71,0.68,0.25,0.27,19,35.1
30,5,201312,3.3,29,-0.76,-0.76,0.17,-0.76,0,1116,0.1,-0.05,-0.62,-0.48,0.54,0.05,-0.26,21,37
30,10,201312,3.17,27.2,3.15,3.15,1.37,3.15,0,1172,0.73,0.85,0.83,1.04,1.49,1.09,0.85,19.5,35
30,3,201312,3.91,20.1,1.98,1.98,0.06,1.94,0,1392,0.18,0.99,0.7,0.4,1.33,0.91,0.53,11.5,28.7
30,9,201312,3.93,26.4,3.05,3.05,1.47,3.05,0,1197,0.87,0.85,1.22,0.94,1.65,1.36,0.86,19.2,33.8
30,8,201401,2.16,14.2,2.38,2.38,-0.5,2.11,0,1575,-0.3,0.01,0.4,0.59,1.66,1.15,0.47,4.9,23.5
30,7,201401,2.46,14.1,1.74,1.74,-0.05,1.28,0,1578,0.06,0.25,0.47,-0.18,1.48,1.06,0.57,4.4,23.8
30,5,201401,2.63,20.7,-0.82,-0.82,-0.42,-0.82,0,1373,-0.07,-0.08,-0.14,-0.61,0.71,0.17,-0.28,11.2,30.3
30,6,201401,2.51,16.1,1.53,1.53,-0.9,1,0,1516,-0.46,-0.39,0.23,-0.37,1.19,0.88,-0.17,6.1,26.1
30,10,201401,1.71,17.8,2.65,2.65,-0.53,2.37,0,1463,-0.49,0.12,0.49,0.7,1.34,1.09,0.61,8.9,26.7
30,9,201401,2.55,17.8,2.69,2.69,-0.14,2.57,0,1463,-0.16,0.42,0.6,0.78,1.54,1.37,0.65,9.4,26.3
30,1,201401,2.09,16.4,1.58,1.58,-0.2,1.41,0,1507,-0.25,0.11,0.49,0.51,0.6,0.22,0.1,6.8,26
30,3,201401,3.6,12,1.9,1.9,0.37,1.9,0,1643,0.28,0.2,0.92,0.22,1.47,1.04,0.45,1.4,22.5
30,2,201401,2.76,17.1,2.05,2.05,-0.06,1.95,0,1485,0.08,0.33,0.46,0.32,1.29,0.89,0.3,7.2,27
30,4,201401,2.67,27.7,-2.42,-2.42,-0.87,-2.42,0,1156,-0.46,0.16,-0.22,-1.62,-0.5,-0.96,-1.05,19.3,36.1
30,5,201402,3.63,22.4,0.52,0.52,1.55,0.52,0,1193,0.93,0.46,0.37,-0.47,0.64,0.42,-0.03,12.4,32.3
30,4,201402,4.15,29.9,0.42,-1.76,1.25,-1.15,0,983,0.63,0.02,0.38,-1.05,-0.34,-0.98,-0.67,22.2,37.6
30,3,201402,2.87,14.9,1.65,1.65,-0.18,1.49,0,1403,-0.03,0.07,0.06,0.29,1.43,1.1,0.56,5.4,24.5
30,8,201402,2.2,16.4,2.06,2.06,-0.22,1.64,0,1361,-0.02,-0.4,-0.11,0.74,1.56,1.18,0.6,7.6,25.1
30,6,201402,3.27,18.6,1.6,1.6,0.7,1.33,0,1299,0.5,-0.04,-0.12,0.12,1.27,1.07,0.1,9.5,27.8
30,7,201402,2.42,17.1,1.61,1.61,0.15,1.15,0,1341,0.23,0.08,0.26,0.08,1.18,1.18,0.72,8,26.3
30,9,201402,2.94,18.9,2.71,2.71,0.89,2.71,0,1291,0.7,0.24,0.66,1.04,1.66,1.44,0.85,10.7,27
30,1,201402,2.17,17.7,1.41,1.41,-0.02,1.16,0,1324,0.16,-0.25,0.09,0.52,0.6,0.24,0.26,7.4,27.9
30,2,201402,3.21,19,2.15,2.15,0.95,2.15,0,1288,0.68,0.38,0.56,0.1,1.29,1.1,0.55,9.2,28.8
30,10,201402,2.31,19.2,2.51,2.51,0.39,2.33,0,1282,0.45,-0.16,0.26,0.55,1.42,1.15,0.81,10.5,27.8
30,3,201403,3.62,16.7,1.6,1.6,0.38,1.55,0,1497,0.18,0.11,0.16,0.59,0.38,1.28,0.67,3.7,29.6
30,10,201403,2.99,25.2,2.53,2.53,0.85,2.53,0,1234,0.5,0.62,0.2,0.79,1.01,1.5,0.96,15.3,35
30,5,201403,3.03,28.2,0.42,0.42,-0.13,0.42,0,1141,-0.15,0.44,0.24,-0.41,-0.4,0.54,0.15,17.9,38.5
30,2,201403,2.74,24.7,1.75,1.75,-0.55,1.43,0,1249,-0.38,0.14,0.05,0.01,0.53,1.19,0.61,14.5,34.8
30,7,201403,3.12,19,1.65,1.65,0.63,1.34,0,1426,0.3,0.33,0.2,0.18,0.01,1.27,0.83,7.5,30.5
30,1,201403,2.5,25,1.16,1.16,-0.31,0.7,0,1240,-0.19,-0.09,-0.37,0.54,0.53,0.54,0.27,13.9,36.1
30,6,201403,2.98,23,1.34,1.34,-0.3,0.88,0,1302,-0.25,0.15,-0.21,0.09,0.19,1.24,0.18,12.3,33.7
30,8,201403,3.35,18.9,2.32,2.32,1.41,2.32,0,1429,0.71,0.46,0.13,0.3,0.68,1.55,0.77,7.7,30.2
30,4,201403,5.01,35.5,0.77,-1.18,1.19,-0.03,0,914,0.55,0.76,0.36,-0.53,-1.28,-0.52,-0.24,26.2,44.7
30,9,201403,2.77,24.9,2.5,2.5,0.2,2.5,0,1243,0.06,0.52,0.28,1.14,0.94,1.7,0.91,15,34.7
30,4,201404,5.11,48.5,1.11,-0.64,1.25,1,0,495,0.84,0.85,0.99,0.5,-0.69,0.03,-0.07,38.8,58.2
30,6,201404,3.75,43.6,1.27,1.27,0.21,0.85,0,642,0.3,0.03,0.26,0.23,-0.24,1.19,0.27,31.6,55.5
30,8,201404,4.37,41.7,2.77,2.77,2.07,2.77,0,699,1.26,1.39,1.11,0.94,0.95,1.84,0.91,31,52.3
30,7,201404,3.38,41.4,1.65,1.65,0.5,1.46,0,708,0.43,0.49,0.48,0.53,0.01,1.51,0.84,30,52.7
30,5,201404,3.48,47,0.28,0.28,-0.3,-0.31,0,540,0.1,-0.06,0.33,0.05,-0.42,0.72,0.2,34.6,59.4
30,3,201404,4.12,38.9,1.73,1.73,0.89,1.73,0,783,0.59,0.53,0.37,0.9,0.32,1.51,0.75,27.2,50.7
30,10,201404,3.05,44.2,2.29,2.29,0.06,2.25,0,624,0.23,0.43,0.55,0.66,0.85,1.4,0.95,32.3,56.1
30,9,201404,4.01,44.6,2.72,2.72,1.43,2.72,0,612,0.94,0.72,0.93,1.02,1.08,1.77,1.04,33.5,55.6
30,1,201404,2.8,44,0.83,0.83,-0.64,0.02,0,630,-0.18,-0.34,-0.26,0.11,0.34,0.49,0.32,30.9,57.1
30,2,201404,3,43.6,1.28,1.28,-0.88,0.51,0,642,-0.29,-0.5,-0.13,0.2,0.15,1.14,0.58,31.1,56.1
30,2,201405,4.66,56.5,1.3,1.3,0.48,0.71,11,275,0.63,0.28,0.02,0.38,0.03,1.13,0.53,44.9,68.2
30,10,201405,4.75,57.8,2.57,2.57,1.56,2.57,21,245,1.11,0.89,0.99,0.95,0.94,1.63,1.21,47.1,68.5
30,1,201405,5.72,56.3,1.56,1.56,2.46,1.56,15,285,1.36,0.93,0.74,0.64,0.82,0.88,0.72,44.1,68.5
30,3,201405,5.34,53.4,2.05,2.05,1.47,2.05,6,365,1,1.01,1.01,0.8,0.71,1.67,0.89,42,64.7
30,7,201405,4.53,55,1.93,1.93,1.35,1.93,8,318,0.92,0.85,0.89,0.8,0.5,1.34,0.89,44.1,65.9
30,9,201405,4.3,57.4,2.79,2.79,1.07,2.79,18,254,0.86,1.09,0.99,1.2,1.36,1.9,1.33,47.1,67.7
30,8,201405,4.19,55.8,2.79,2.79,0.92,2.79,11,296,0.77,1.2,1.36,1,1.21,1.78,1.12,44.8,66.7
30,6,201405,4.82,57.3,1.4,1.4,0.77,1.21,16,255,0.7,0.68,0.47,0.27,0.29,1.27,0.12,45.9,68.7
30,4,201405,3.63,60.5,-0.18,-0.75,-0.54,0.59,19,159,0.03,0.58,0.72,0.72,-0.4,0.03,-0.23,51.6,69.4
30,5,201405,3.87,59.1,0.14,0.14,-0.34,-0.39,18,201,0.18,0.17,0.01,0.19,-0.43,0.47,0.05,47.8,70.4
30,4,201406,2.58,69.3,-0.49,-1,-0.98,-0.04,138,9,-0.3,-0.21,0.26,0.36,-0.29,-0.95,-0.65,60.2,78.3
30,9,201406,4.52,66.7,3.02,3.02,1.55,3.02,91,40,0.86,1.11,1.25,1.27,1.59,1.44,1.47,56.1,77.4
30,5,201406,4.79,67.5,0.48,0.48,1.08,0.48,99,24,0.64,0.53,0.44,0.41,-0.07,-0.18,0.22,56.4,78.6
30,8,201406,5,65,3.24,3.24,2.21,3.24,60,60,0.98,1.16,1.47,1.3,1.1,1.27,1.28,54,76
30,7,201406,4.8,63.9,2.38,2.38,1.93,2.38,42,75,0.85,1.1,1.05,0.98,0.76,0.6,1.03,52.7,75
30,1,201406,5.11,65,1.82,1.82,1.26,1.82,67,67,0.77,1.37,1.06,0.78,1.09,1,0.91,52.8,77.1
30,3,201406,6.27,61.2,2.85,2.85,3.06,2.85,18,132,1.21,1.46,1.44,1.32,1.33,1.14,1.12,49.6,72.8
30,2,201406,5.56,64,1.87,1.87,2.11,1.87,47,77,0.9,0.97,0.7,0.59,0.42,0.74,0.85,52.6,75.4
30,6,201406,6.5,64.8,2.35,2.35,3.28,2.35,62,68,1.28,1.33,1.25,0.95,0.9,0.86,0.58,53.2,76.3
30,10,201406,4.1,66.3,2.51,2.51,0.61,2.51,86,47,0.42,0.93,0.83,0.81,1.05,1.23,1.3,55.4,77.1
30,6,201407,5.85,67.7,2.99,2.99,2.64,2.99,110,26,1.15,1.55,1.6,1.49,1.34,0.81,1.16,56.7,78.7
30,3,201407,4.97,63.6,3.05,3.05,1.47,3.05,40,84,0.65,1.21,1.46,1.41,1.55,1.11,1.39,52.8,74.5
30,5,201407,6,71.3,1.31,1.31,2.61,1.31,199,0,1.21,1.11,0.96,0.94,0.65,0.15,0.47,60.9,81.7
30,10,201407,5.66,67.7,3.65,3.65,4.18,3.65,111,27,1.47,1.18,1.49,1.54,1.5,1.5,1.75,57.7,77.7
30,7,201407,5.11,66.8,3.03,3.03,2.7,3.03,90,34,1.07,1.14,1.29,1.28,1.21,0.76,1.29,56.1,77.5
30,9,201407,5.73,67.7,4.39,4.39,5.05,4.39,109,25,1.82,1.62,1.8,1.92,1.8,1.82,2.04,58.4,77
30,1,201407,4.55,65.6,2.26,2.26,1.87,2.26,72,53,0.65,0.89,1.43,1.02,1.12,1.11,1.11,54.6,76.6
30,2,201407,5.56,67.1,2.42,2.42,2.22,2.42,94,29,0.99,1.19,1.24,0.96,0.96,0.75,1.12,56.1,78.1
30,4,201407,3.51,74,-0.51,-0.97,-0.21,-0.1,279,0,0.03,-0.26,-0.2,0.5,0.25,-0.73,-0.7,66,82
30,8,201407,4.32,66.3,3.5,3.5,1.77,3.5,82,42,0.65,1.04,1.21,1.52,1.39,1.35,1.55,56.5,76.2
30,6,201408,4.33,65.2,3.22,3.22,1.62,3.22,72,66,0.41,1.07,1.48,1.42,1.2,1.08,1.3,54.5,75.9
30,5,201408,2.55,68.2,-0.3,0.87,-0.9,0.26,119,20,-1,0.34,0.53,0.32,0.39,-0.08,0.37,57.4,79
30,2,201408,3.17,64.2,-0.05,2.12,-0.16,1.98,54,78,-0.45,0.32,0.74,0.52,0.7,0.37,1.03,53.2,75.1
30,4,201408,3.59,71.6,-0.63,-1.04,-0.51,-0.33,208,0,-0.02,-0.12,-0.38,0.17,0.3,-0.56,-0.7,62.6,80.6
30,9,201408,3.58,66.9,4.43,4.43,1.47,4.43,100,42,0.32,1.62,1.55,1.81,1.91,1.95,2.23,57.3,76.4
30,1,201408,4.08,64.1,2.65,2.65,1.87,2.65,58,86,0.5,0.69,0.93,1.1,1.07,1.17,1.25,52.3,75.8
30,3,201408,4.32,61.9,3.1,3.1,1.09,3.1,29,126,0.12,0.52,1.19,1.49,1.33,1.16,1.53,51.4,72.4
30,10,201408,4.09,65.8,4.15,4.15,2.64,4.15,83,59,0.75,1.51,1.27,1.59,1.53,1.47,1.92,55.8,75.8
30,8,201408,4.65,65.1,3.82,3.82,2.04,3.82,72,69,0.8,0.97,1.3,1.83,1.55,1.58,1.9,54.7,75.4
30,7,201408,3.76,64.4,3.06,3.06,1.01,3.06,60,79,0.18,0.87,1.12,1.27,1.18,0.89,1.43,54.6,74.2
30,1,201409,2.77,59.5,-0.14,2.24,-0.42,2,14,179,-0.45,-0.01,0.35,0.9,0.71,1.01,0.97,48.4,70.6
30,9,201409,2.5,61.3,-0.31,3.67,-0.92,3.26,24,135,-0.78,-0.35,0.8,1.37,1.43,1.69,1.76,51,71.7
30,5,201409,1.18,62.9,-1.16,-1.16,-2.67,-1.16,37,100,-2,-2.49,-0.63,-0.18,-0.14,-0.4,-0.14,51.4,74.4
30,6,201409,2.51,60.2,-0.39,2.5,-1.18,1.96,18,162,-0.93,-0.51,0.34,1.12,0.91,0.91,1.09,48.8,71.7
30,8,201409,2.35,59,-0.34,3.09,-1.01,2.63,13,193,-0.91,-0.1,0.18,1.22,1.15,1.05,1.41,48.2,69.8
30,7,201409,1.4,58.5,-0.67,2.07,-2.02,1.18,10,205,-1.72,-1.1,-0.19,0.71,0.72,0.6,1.03,47.4,69.7
30,3,201409,2.51,56.1,-0.52,2.26,-1.55,1.57,0,272,-1.14,-0.77,-0.28,1.04,1.02,1.13,1.23,44.8,67.5
30,4,201409,1.68,67.4,-1.28,-1.66,-2.16,-1.45,97,25,-1.13,-0.77,-0.71,-0.38,-0.25,-0.68,-1,58.6,76.2
30,2,201409,2.02,59.8,-0.64,1.3,-1.79,0.34,14,170,-1.14,-1.44,-0.37,0.2,0.16,0.16,0.68,48.4,71.2
30,10,201409,2.01,60.8,3.39,3.39,-1,2.95,22,148,-1.01,-0.22,0.75,1.01,1.02,1.21,1.58,50,71.6
30,9,201410,3.32,52.5,-0.18,3.39,0.28,3.04,0,388,-0.02,-0.54,-0.32,1.06,1.34,1.41,1.54,44,60.9
30,6,201410,4.52,51.4,0.37,2.6,1.1,2.45,0,422,0.55,-0.28,-0.08,1.14,1.13,1.1,1.05,42.6,60.2
30,4,201410,4.37,57.8,0.12,-1.36,0.36,-0.93,9,233,0.58,-0.27,-0.28,-0.48,0.11,-0.04,-0.82,49.8,65.8
30,1,201410,3.03,50.4,0.12,2.13,0.37,1.98,0,453,0.01,-0.39,-0.07,0.93,0.7,0.84,0.65,40.6,60.2
30,2,201410,4.82,50.9,-0.2,1.55,1.13,1.03,0,437,0.76,-0.19,-0.37,0.57,0.43,0.54,0.68,41.7,60.1
30,8,201410,3.2,50.5,-0.32,2.75,-0.06,2.22,0,450,-0.08,-0.7,-0.14,0.77,1.14,1.11,1.32,42.4,58.5
30,5,201410,4.34,53.9,-0.87,-0.87,0.5,-0.45,0,348,0.63,-0.6,-0.98,0.03,0.13,0.02,-0.19,44.7,63.2
30,3,201410,4.51,47.7,-0.3,2.2,0.5,1.66,0,536,0.38,-0.44,-0.33,0.94,1.02,1.32,1.07,39.2,56.2
30,10,201410,3.07,52,3.13,3.13,0.26,2.73,0,403,0.07,-0.65,-0.17,0.92,1.03,1.1,1.38,43.3,60.8
30,7,201410,3.8,49.6,-0.39,2.07,0.64,1.41,0,477,0.5,-0.57,-0.41,0.76,0.83,0.86,0.88,41.5,57.7
30,1,201411,2.5,34,0.22,2.02,0.32,1.94,0,930,-0.21,-0.21,-0.54,0.3,0.61,0.59,0.86,26.2,41.8
30,7,201411,2.06,33.8,-0.62,1.59,-0.8,0.58,0,936,-0.82,-0.07,-1.04,0.09,0.57,0.6,1.08,26.5,41.1
30,5,201411,2.79,38.1,-1.06,-1.06,-0.84,-1.06,0,807,-0.39,0.23,-0.78,-0.17,-0.22,-0.06,0.01,29.4,46.9
30,6,201411,2.76,35,-0.33,2,-1,1.4,0,900,-0.66,0.04,-0.59,0.7,0.83,0.71,1.23,27.4,42.7
30,2,201411,2.6,34.8,-0.4,1.17,-0.66,0.34,0,906,-0.56,0.29,-0.46,0.19,0.1,0.34,0.83,26.7,42.9
30,4,201411,4.73,43.8,0.27,-1.06,0.49,-0.37,0,636,0.62,0.71,0.07,-0.21,0.16,0.29,-0.5,35.8,51.8
30,9,201411,2.91,36.5,-0.08,3.12,0.25,2.81,0,855,-0.31,-0.27,-0.66,0.65,1.08,1.23,1.82,29.7,43.4
30,3,201411,3.14,31.4,-0.64,1.59,-1.13,0.57,0,1008,-0.58,-0.06,-0.72,0.31,0.85,0.8,1.37,24.4,38.5
30,10,201411,2.42,35.9,2.94,2.94,0.41,2.65,0,873,-0.21,-0.13,-0.72,0.46,0.89,0.88,1.52,29,42.9
30,8,201411,1.94,34.2,-0.65,2.11,-1.07,1.13,0,924,-1.13,-0.77,-1.23,0.12,0.86,0.72,1.55,27.4,41.1
30,9,201412,2.56,31.9,-0.32,2.55,-0.75,1.91,0,1026,-0.6,-0.61,-0.49,0.18,0.87,0.92,1.59,26.4,37.4
30,6,201412,4.23,29.3,0.34,2.14,1.03,1.88,0,1107,0.64,0.02,0.27,0.31,0.98,0.85,1.09,23.5,35
30,2,201412,3.84,30.2,-0.06,1.34,0.88,0.83,0,1079,0.56,-0.02,0.43,-0.01,0.34,0.34,0.67,24.5,35.8
30,10,201412,2.51,31.4,2.75,2.75,0.34,2.53,0,1042,0.06,-0.18,-0.14,0.37,0.74,0.75,1.29,26,36.8
30,1,201412,2.34,31,-0.12,1.69,-0.35,1.4,0,1054,-0.32,-0.45,-0.39,-0.05,0.58,0.43,0.51,25.5,36.5
30,5,201412,4.28,33.3,0.42,0.42,1.27,0.42,0,983,0.75,0.24,0.49,-0.14,0.08,0.13,0.09,27.3,39.4
30,8,201412,2.54,26.6,-0.83,1.64,-0.76,0.36,0,1190,-0.3,-1.01,-0.86,-0.43,0.58,0.58,1.09,20.1,33.1
30,3,201412,3.96,25.9,-0.53,1.47,0.13,0.49,0,1212,0.21,-0.24,0.01,-0.26,0.76,0.81,1.09,19.4,32.5
30,4,201412,6.55,39.9,1.12,1.12,2.61,1.12,0,778,1.47,1.44,1.29,0.48,0.47,0.53,-0.28,33.6,46.1
30,7,201412,3.87,26.9,-0.03,1.95,1.56,1.5,0,1181,0.88,0.15,0.38,0.07,0.68,0.71,0.96,20.3,33.4
30,3,201501,2.5,9.9,-0.87,0.93,-1.17,-0.47,0,1708,-0.71,-0.4,-0.65,-0.76,0.45,0.6,1.02,-2.4,22.3
30,6,201501,2.53,15,-0.29,1.63,-0.87,0.97,0,1550,-0.44,0.06,-0.33,-0.33,0.83,0.84,1.14,4.6,25.4
30,1,201501,1.76,17.2,-0.35,1.28,-0.73,0.6,0,1482,-0.64,-0.78,-0.87,-0.58,0.53,0.35,0.42,6.8,27.5
30,4,201501,4.31,28.9,1.28,1.28,0.83,1.28,0,1119,0.6,1.32,1.42,0.66,0.4,0.75,-0.04,21.2,36.6
30,10,201501,1.55,17.6,2.2,2.2,-0.81,1.61,0,1469,-0.73,-0.57,-0.64,-0.5,0.6,0.72,1.22,8.3,26.9
30,8,201501,2.13,11,-0.93,1.28,-0.56,-0.17,0,1674,-0.34,-0.59,-1.13,-0.82,0.16,0.59,1.11,-0.7,22.6
30,7,201501,1.77,12.7,-0.41,1.36,-1.14,0.46,0,1621,-0.7,0.21,-0.28,-0.59,0.48,0.6,0.97,1.4,24
30,9,201501,2.46,17.4,-0.38,2.19,-0.29,1.4,0,1476,-0.27,-0.71,-0.79,-0.72,0.61,0.9,1.51,8,26.9
30,2,201501,2.23,16.8,-0.33,0.94,-0.8,0.1,0,1494,-0.42,0.03,-0.31,-0.55,0.33,0.23,0.68,6.9,26.7
30,5,201501,2.94,20.4,-0.01,-0.01,-0.04,0.37,0,1383,0.18,0.57,0.25,-0.66,0.08,0.18,0.17,10.8,30
30,3,201502,2.08,3.7,-1.25,-1.25,-1.4,-1.25,0,1716,-0.84,-1.22,-0.84,-1.15,-0.15,0.42,0.94,-8.8,16.1
30,6,201502,2.21,8.5,-0.58,1.14,-0.95,0.09,0,1582,-0.55,-0.79,-0.27,-0.69,0.5,0.65,1.15,-2.7,19.7
30,2,201502,2.19,10.4,-0.51,0.62,-0.65,-0.43,0,1529,-0.32,-0.69,-0.2,-0.51,0.07,0.01,0.69,-0.7,21.5
30,8,201502,1.94,3.6,-1.06,0.93,-0.66,-0.69,0,1719,-0.32,-0.65,-0.76,-1.53,-0.25,0.53,1.09,-7.2,14.5
30,9,201502,2.04,9.5,-0.58,1.73,-0.7,0.67,0,1554,-0.35,-0.6,-0.85,-1.05,0.27,0.72,1.42,-0.3,19.3
30,10,201502,2.2,10.4,2.04,2.04,0.2,1.48,0,1529,0.33,-0.41,-0.36,-0.8,0.32,0.73,1.22,0.9,19.8
30,5,201502,1.77,13.5,-0.46,-0.46,-1.35,-0.46,0,1442,-0.84,-0.54,0.11,-0.62,-0.14,-0.17,0.13,1.8,25.1
30,7,201502,1.48,5.5,-0.86,0.73,-1.48,-0.67,0,1666,-0.9,-1.27,-0.33,-1.03,-0.05,0.41,0.94,-6,17
30,1,201502,1.65,10,-0.61,0.84,-0.9,-0.24,0,1540,-0.48,-0.95,-0.97,-1.06,-0.1,0.25,0.35,-1.2,21.2
30,4,201502,2.25,21.7,-0.4,0.75,-1.2,-0.05,0,1212,-0.8,-0.11,0.84,0.54,0.21,0.47,-0.24,12.2,31.2
30,10,201503,1.42,26.6,1.23,1.23,-1.79,-0.01,0,1190,-1.29,-0.77,-1.23,-0.84,-0.09,0.37,1.26,17.2,36
30,2,201503,1.84,24.9,-1.08,-1.08,-1.88,-1.08,0,1243,-1.26,-1.22,-1.42,-0.43,-0.58,-0.16,0.64,14.7,35.2
30,3,201503,1.38,19.9,-2.05,-2.05,-2.8,-2.05,0,1398,-1.64,-1.93,-1.98,-1.25,-1.15,-0.11,0.74,7.9,31.8
30,4,201503,4.66,35.1,-0.08,0.95,0.84,0.59,0,927,0.37,-0.18,0.14,1.05,0.43,0.43,-0.03,26.4,43.8
30,5,201503,1.87,29.7,-0.97,-0.97,-1.67,-0.97,0,1094,-1.11,-1.49,-1.23,-0.26,-0.7,-0.38,0.09,19.7,39.7
30,1,201503,1.51,26.3,-1.16,-1.16,-1.84,-1.16,0,1200,-1.33,-1.45,-1.73,-1.5,-0.75,0.03,0.4,15.2,37.4
30,6,201503,1.59,24.4,-1.28,-1.28,-2.28,-1.28,0,1259,-1.51,-1.57,-1.65,-0.79,-0.44,0.34,1.05,14.2,34.6
30,7,201503,1.05,23.5,-1.69,-1.69,-2.75,-1.69,0,1286,-1.73,-2.07,-2.01,-0.97,-0.87,-0.04,0.75,12.8,34.2
30,9,201503,1.32,26.8,-1.28,0.79,-2.29,-1.04,0,1184,-1.61,-1.59,-1.65,-1.32,-0.48,0.36,1.4,17.7,36.1
30,8,201503,1.08,22.9,-1.73,-1.73,-2.35,-1.73,0,1305,-1.55,-1.53,-1.49,-1.64,-1.03,-0.01,1.03,12.4,33.5
30,10,201504,3.05,44.4,1.11,1.11,0.01,-0.1,0,618,0.23,-0.72,-0.49,-0.87,-0.72,0.42,1.13,33.6,55.2
30,8,201504,2.55,42.1,-1.86,-1.86,-0.91,-1.86,0,687,-0.29,-1.32,-1.37,-1.68,-1.31,-0.4,1,31,53.2
30,2,201504,3.49,42.7,-0.97,-0.97,0.02,-0.85,0,669,0.13,-0.8,-0.92,-0.91,-0.98,-0.07,0.63,31.3,54.1
30,9,201504,3.04,44.7,-1.26,0.6,-0.31,-1.21,0,609,0.05,-1.05,-1.15,-1.35,-1.22,0.15,1.23,34.3,55.2
30,7,201504,2.41,41.3,-1.87,-1.87,-1.07,-1.87,0,711,-0.43,-1.62,-1.96,-1.45,-1.49,-0.26,0.75,30.5,52.1
30,1,201504,3.55,43.9,-0.84,-0.84,0.61,-0.35,0,633,0.48,-0.51,-0.74,-1.24,-1.02,0.25,0.42,31.8,56
30,6,201504,3.23,42.5,-1.27,-1.27,-0.38,-1.27,0,675,-0.14,-1.28,-1.4,-1.19,-1,0.25,0.86,31.6,53.4
30,5,201504,2.61,46.9,-1.35,-1.35,-1.44,-1.35,0,543,-0.59,-1.23,-1.53,-0.87,-1.32,-0.55,0.11,35.4,58.4
30,4,201504,1.69,49.7,-0.94,-0.94,-2.6,-0.94,0,459,-1.59,-0.6,-0.99,0.42,0.03,-0.09,-0.04,40,59.4
30,3,201504,3.01,38.3,-2.07,-2.07,-0.7,-2.07,0,801,-0.32,-1.55,-1.76,-1.66,-1.52,-0.34,0.68,27,49.6
30,3,201505,3.12,57.4,-2.44,-2.44,-1.74,-2.44,17,253,-0.4,-0.47,-1.47,-1.62,-1.6,-0.78,0.56,43.3,71.5
30,6,201505,2.92,61.4,-1.79,-1.79,-1.96,-1.79,47,158,-0.53,-0.47,-1.33,-1.16,-1.22,-0.14,0.66,47.9,74.9
30,9,201505,3.15,61.6,-1.54,-1.54,-1.23,-1.54,51,157,0,0.08,-0.7,-1.18,-1.27,-0.14,1.17,49.4,73.7
30,4,201505,0.94,62.9,-1.97,-1.97,-3.38,-1.97,42,107,-1.92,-3.09,-1.8,-0.48,-0.38,-0.56,-0.37,52.8,73
30,8,201505,2.03,60.1,-2.56,-2.56,-2.67,-2.56,34,186,-0.89,-0.78,-1.67,-1.63,-1.97,-0.88,0.69,47.1,73.1
30,1,201505,2.89,60.8,-1.41,-1.41,-1.98,-1.41,45,175,-0.33,0.07,-0.59,-1.21,-1.31,-0.4,0.27,47.2,74.3
30,10,201505,3.86,62.1,0.87,0.87,-0.39,-0.43,59,149,0.51,0.49,-0.13,-0.39,-0.76,0.22,1.22,49.8,74.4
30,5,201505,1.91,64,-2.25,-2.25,-3.1,-2.25,69,100,-1.24,-1.3,-1.82,-1.29,-1.45,-0.91,-0.26,50.6,77.5
30,2,201505,2.53,60.8,-1.79,-1.79,-2.76,-1.79,36,167,-0.89,-0.56,-1.29,-1.12,-1.12,-0.49,0.39,47.1,74.5
30,7,201505,2.96,60.1,-2.17,-2.17,-1.49,-2.17,33,185,-0.12,-0.35,-1.26,-1.14,-1.5,-0.62,0.48,46.5,73.8
30,10,201506,7.81,63.7,2.74,2.74,5.89,2.74,47,86,2.19,1.99,1.73,1.13,0.71,0.92,1.4,54,73.5
30,3,201506,10.1,59.1,2.72,2.72,8.17,2.72,8,185,2.61,1.97,1.57,0.39,0.22,0.03,0.73,48.7,69.4
30,5,201506,6.79,65.9,-0.92,-0.92,3.3,0.61,70,43,1.53,0.55,0.17,-0.61,-0.15,-0.55,-0.44,55.9,75.8
30,1,201506,7.07,63.4,1.24,1.24,3.73,1.24,45,93,1.74,1.05,1.03,0.18,-0.13,0.03,0.67,53.1,73.7
30,4,201506,4.56,68.2,-1.55,-1.55,0.65,-1.18,111,15,0.74,-0.55,-1.45,-0.93,0.25,-0.24,-0.85,60,76.4
30,2,201506,7.61,62.7,1.63,1.63,4.88,1.63,31,100,1.73,0.94,0.83,-0.03,0.2,-0.09,0.39,52.3,73
30,6,201506,7.68,62.8,1.63,1.63,4.88,1.63,35,101,1.77,1.08,0.88,-0.11,-0.02,0.08,0.56,52.3,73.3
30,9,201506,6.88,64,1.71,1.71,5.14,1.71,50,80,2.08,1.65,1.34,0.48,0.05,0.38,1.15,54.5,73.4
30,7,201506,8.74,60.9,2.67,2.67,8,2.67,13,136,2.56,1.9,1.47,0.35,0.39,0.24,0.47,50.7,71.1
30,8,201506,7.58,61.9,2.03,2.03,6.08,2.03,22,115,2.16,1.34,1,0.09,-0.4,-0.26,0.65,51.6,72.3
30,8,201507,3.59,67.8,1.98,1.98,0.48,1.98,111,24,0.08,1.76,1.11,0.2,-0.41,-0.44,0.58,56.8,78.8
30,5,201507,3.1,71.8,-1.15,-1.15,-0.98,-0.08,214,0,-0.53,0.81,0.12,-0.86,-0.58,-1.03,-0.59,60.8,82.9
30,2,201507,4.54,67.2,1.76,1.76,0.91,1.76,96,28,0.36,1.57,0.88,0.22,0.02,-0.25,0.3,56,78.5
30,10,201507,4.21,68.1,3.11,3.11,1.95,3.11,119,23,0.61,1.92,1.93,1.45,0.93,0.64,1.4,57.7,78.5
30,7,201507,3.96,67.4,2.7,2.7,0.93,2.7,102,27,0.3,1.97,1.6,0.6,0.31,0.05,0.45,56.3,78.5
30,3,201507,3.13,64.4,-0.34,2.11,-1.01,1.62,52,70,-0.76,1.81,1.4,0.35,-0.1,-0.29,0.52,53,75.9
30,1,201507,3.68,66.6,1.27,1.27,0.46,1.27,88,39,0.1,1.28,0.82,0.29,-0.17,-0.23,0.57,54.9,78.3
30,4,201507,1.97,75.6,-2.15,-2.15,-2.28,-2.15,329,0,-1.04,-0.08,-1.03,-1.68,-0.24,-0.47,-0.95,67.3,83.8
30,6,201507,3.67,68.2,-0.03,1.43,-0.08,1.31,121,22,-0.19,1.21,0.73,-0.08,-0.29,-0.32,0.28,57,79.4
30,9,201507,3.02,68.9,1.7,1.7,0.5,1.7,137,16,-0.2,1.49,1.26,0.46,0.01,-0.22,1.04,58.8,79
30,4,201508,2.1,75.5,-2.89,-2.89,-2.88,-2.89,326,0,-0.92,-1.46,-0.73,-1.64,-0.93,-0.7,-0.98,66.2,84.7
30,7,201508,2.7,67.2,2.01,2.01,-1.24,1.43,106,38,-0.69,-0.39,1.63,0.59,0.37,-0.17,0.44,56.4,78
30,8,201508,3.71,67.3,1.83,1.83,0.17,1.83,110,39,0.11,0.02,1.6,0.35,-0.08,-0.63,0.64,57,77.7
30,3,201508,3.08,64,-0.88,1.31,-1.74,0.05,56,87,-0.77,-1.14,1.42,0.31,-0.19,-0.54,0.44,52.8,75.2
30,2,201508,3.49,66.6,-0.05,1.53,-0.15,1.39,92,42,-0.17,-0.02,1.14,0.19,0.08,-0.2,0.1,55,78.2
30,6,201508,3.12,67.8,-0.32,0.99,-0.89,0.34,118,31,-0.6,-0.59,0.84,-0.11,-0.25,-0.54,0.34,56.5,79
30,5,201508,2.98,71.5,-1.51,-1.51,-1.44,-1,206,0,-0.51,-0.85,0.38,-0.82,-0.69,-0.93,-0.75,59.8,83.1
30,10,201508,2.58,67.4,2.72,2.72,-0.21,2.58,111,37,-0.58,0.05,1.48,1.11,0.85,0.27,1.17,57.3,77.6
30,1,201508,2.85,65.6,0.97,0.97,-0.52,0.57,81,63,-0.46,-0.32,0.89,0.21,-0.24,-0.53,0.44,53.9,77.2
30,9,201508,3.1,68,1.52,1.52,-0.02,1.44,122,29,-0.14,-0.31,1.27,0.51,0.04,-0.35,1.04,58.3,77.7
30,4,201509,3.88,70.8,-2.81,-2.81,-0.67,-2.81,180,6,0.34,-0.47,-1.05,-1.79,-1.43,-0.35,-0.81,61.2,80.3
30,1,201509,5.36,64.2,1.52,1.52,1.96,1.52,60,84,1.28,0.67,0.53,0.99,0.35,0.08,0.76,52.4,76
30,3,201509,4.87,61.7,-1.01,0.96,-0.65,-0.53,30,129,0.54,-0.14,-0.61,0.98,-0.03,-0.11,0.68,49.6,73.7
30,7,201509,4.44,63.6,1.97,1.97,0.51,1.55,52,94,0.78,0.18,0.21,1.24,0.37,0.42,0.58,51.9,75.4
30,2,201509,4.34,64.4,0.09,1.46,0.26,1.37,60,78,0.43,0.17,0.24,0.68,0.06,0.26,0.2,52.7,76.1
30,10,201509,4.87,65.7,3.01,3.01,1.71,3.01,82,61,1.15,0.53,0.71,1.71,1.25,0.89,1.37,54.9,76.5
30,6,201509,4.98,65.3,0.08,0.96,0.23,0.39,76,67,0.67,0.2,-0.03,0.58,-0.18,-0.07,0.57,53.6,77
30,9,201509,4.57,66.3,1.6,1.6,0.71,1.6,90,51,0.86,0.56,0.34,1.14,0.52,0.15,1.19,55.9,76.7
30,8,201509,4.26,64.1,1.69,1.69,0.15,1.69,60,87,0.46,0.41,0.29,0.93,0.22,-0.23,0.48,52.8,75.5
30,5,201509,5.42,67.4,-1.07,-1.07,0.85,-0.2,105,33,0.92,0.38,0.01,0.04,-0.52,-0.16,-0.48,55.2,79.6
30,6,201510,4.28,47,0.43,1.22,1.07,1.08,0,558,0.42,0.65,0.28,0.73,0.12,-0.1,0.67,36.8,57.3
30,8,201510,3.37,44.7,1.73,1.73,0.65,1.73,0,629,0.03,0.31,0.31,0.97,0.3,-0.26,0.49,34.5,55
30,9,201510,3.67,49.1,1.74,1.74,0.9,1.74,0,493,0.21,0.67,0.48,1.18,0.63,0.21,1.02,40.1,58.1
30,1,201510,3.8,48,1.91,1.91,1.64,1.91,0,527,0.48,1.19,0.73,1.02,0.62,0.23,0.74,37.9,58.1
30,7,201510,3.54,44.7,2.09,2.09,0.97,2,0,629,0.34,0.68,0.3,1.4,0.61,0.35,0.7,34.2,55.1
30,3,201510,4.55,42.8,-0.63,1.13,0.81,-0.01,0,688,0.4,0.53,0.1,1.17,0.32,-0.13,0.77,32.1,53.4
30,10,201510,3.24,48.7,2.99,2.99,0.86,2.99,0,505,0.18,0.84,0.43,1.58,1.31,0.94,1.33,39.5,57.9
30,2,201510,3.43,47.4,0.18,1.42,0.32,1.4,0,546,0.07,0.19,0.06,0.6,0.15,-0.01,0.3,37.1,57.7
30,5,201510,3.41,50.3,-0.89,-0.89,0.21,0.06,0,456,0.19,0.66,0.3,0.23,-0.5,-0.34,-0.3,39.2,61.3
30,4,201510,3.73,55.5,-2.6,-2.6,-0.23,-2.6,0,299,0.3,0.28,-0.26,-1.09,-1.51,-0.46,-0.47,46.4,64.6
30,9,201511,1.73,44.7,-0.82,0.74,-2.46,-0.54,0,609,-1.53,-0.71,-0.12,0.76,0.29,-0.08,0.69,35.5,53.8
30,2,201511,2.6,42.5,-0.5,0.77,-1.5,-0.14,0,675,-0.56,-0.32,-0.11,0.71,0.05,0,0.16,32.5,52.6
30,10,201511,1.52,44.1,2.1,2.1,-1.75,1.32,0,627,-1.2,-0.53,0.2,1.19,0.98,0.77,1.05,34.9,53.3
30,1,201511,2.16,42.8,1.31,1.31,-1.22,0.66,0,666,-0.55,0.02,0.72,1.05,0.56,0.17,0.5,32.3,53.2
30,7,201511,1.55,40,1.13,1.13,-2.25,0,0,750,-1.47,-0.52,0.02,1.21,0.44,0.28,0.48,30.1,49.9
30,4,201511,2.03,50.2,-3.29,-3.29,-2.87,-3.29,0,444,-0.92,-0.43,-0.28,-0.81,-1.64,-1.06,-0.57,41.5,59
30,8,201511,2.32,41,-0.45,1.1,-1.35,0.37,0,720,-0.73,-0.44,-0.08,1.03,0.17,-0.15,0.26,31.7,50.3
30,5,201511,2.04,44.9,-1.47,-1.47,-2.02,-1.14,0,603,-0.96,-0.5,0.12,0.31,-0.61,-0.52,-0.44,34.5,55.4
30,6,201511,1.82,42.6,-1.03,-1.03,-3.08,-1.03,0,672,-1.58,-0.53,-0.1,0.48,-0.17,-0.3,0.31,32.6,52.5
30,3,201511,2.14,38.7,-1.71,-1.71,-3.43,-1.71,0,789,-1.47,-0.53,-0.16,0.89,0.06,-0.34,0.26,28.8,48.5
30,9,201512,3.38,40.7,-0.88,-0.88,-0.43,-0.88,0,753,0.34,-0.87,-0.5,-0.16,0.67,0.16,0.7,33.7,47.7
30,3,201512,5.14,35,-1.1,-1.1,1.31,-0.38,0,930,1.04,-0.15,0.09,-0.41,0.76,-0.01,0.47,28.1,41.8
30,4,201512,4.86,48.6,-3.1,-3.1,-0.46,-3.1,0,513,0.61,-0.27,-0.11,-0.83,-1.49,-1.33,-0.43,41.2,55.9
30,5,201512,4.01,42,-1.26,-1.26,0.19,-0.79,0,713,0.58,-0.25,-0.16,-0.19,-0.1,-0.53,-0.26,34.2,49.7
30,1,201512,3.77,39.8,1.5,1.5,0.98,1.25,0,781,1.09,0.25,0.45,0.58,1.07,0.51,0.71,32,47.6
30,8,201512,4.02,36.3,-0.07,1.32,0.99,1.01,0,890,0.95,0.16,0.12,0.24,0.76,0.22,0.41,29.7,42.9
30,7,201512,4.16,35.9,1.52,1.52,1.53,1.02,0,902,1.08,0.03,0.2,0.17,0.99,0.36,0.62,28.5,43.3
30,6,201512,4.85,38.4,0.41,0.41,1.22,0.41,0,825,1.07,-0.15,0.05,-0.09,0.44,-0.12,0.44,31.1,45.8
30,2,201512,3.97,39.5,-0.36,0.78,0.27,-0.01,0,791,0.65,0.04,-0.02,0.08,0.49,0.03,0.21,32.1,46.8
30,10,201512,3.31,40.4,2.1,2.1,0.64,1.53,0,763,0.86,-0.25,-0.11,0.36,1.32,0.95,1.19,33.1,47.6
30,2,201601,1.71,23.7,-0.83,-0.83,-1.53,-0.83,0,1280,-1.02,-0.2,-0.5,-0.29,0.28,-0.1,0.06,15.7,31.7
30,5,201601,1.73,27.2,-1.64,-1.64,-1.55,-1.64,0,1172,-0.98,-0.18,-0.75,-0.24,-0.18,-0.78,-0.37,18.4,36
30,8,201601,1,20.4,-0.9,-0.9,-2.51,-0.9,0,1383,-2.36,-0.33,-0.7,-0.19,0.53,-0.03,0.28,11.5,29.4
30,7,201601,1.23,21.1,0.7,0.7,-1.99,-0.63,0,1361,-1.46,0.04,-0.72,-0.24,0.92,0.27,0.48,12.3,29.8
30,10,201601,1.5,25,1.58,1.58,-0.9,0.62,0,1240,-0.81,0.06,-0.73,-0.04,1.18,0.94,1.11,17.6,32.3
30,6,201601,1.75,22.8,-0.65,-0.65,-1.94,-0.65,0,1308,-1.33,-0.03,-0.86,-0.35,0.21,-0.29,0.34,14.5,31.1
30,1,201601,1.75,23.5,1.1,1.1,-0.75,0.45,0,1286,-0.65,0.27,-0.25,0.46,0.85,0.5,0.62,15.4,31.6
30,9,201601,1.74,25.1,-1.29,-1.29,-1.52,-1.29,0,1237,-1.29,-0.63,-1.42,-0.42,0.46,0.01,0.58,17.6,32.6
30,4,201601,3.03,33.4,-2.97,-2.97,-0.55,-2.97,0,980,-0.18,0.3,-0.37,-0.56,-1.18,-1.56,-0.35,25.2,41.6
30,3,201601,2.11,18.7,-1.56,-1.56,-1.72,-1.56,0,1435,-1.15,0.06,-0.75,-0.46,0.61,-0.11,0.28,9.2,28.3
30,7,201602,4.62,23.1,1.94,1.94,3.94,1.94,0,1173,2.02,0.77,1.29,0.71,1.54,0.84,0.73,12.8,33.5
30,2,201602,4.18,27.7,0.82,0.82,2.47,0.82,0,1044,1.43,0.33,0.59,0.25,0.86,0.27,0.15,17.9,37.4
30,1,201602,3.44,27.5,1.69,1.69,2.13,1.69,0,1050,1.37,0.46,0.96,1.11,1.35,0.91,0.83,17.9,37.1
30,5,201602,4.51,30.7,0.98,0.98,2.93,0.98,0,960,1.53,0.45,0.67,0.46,0.51,-0.28,-0.3,20.1,41.2
30,3,201602,5.26,21.7,1.17,1.17,3.5,1.17,0,1212,1.83,0.63,1.09,0.53,1.36,0.53,0.58,11.3,32
30,4,201602,3.89,35.9,-2.44,-2.44,0.66,-2.11,0,815,0.46,0.07,0.4,-0.01,-0.49,-1.2,-0.36,27.1,44.7
30,9,201602,4.2,27.5,1.04,1.04,3.13,1.04,0,1050,1.88,0.6,0.6,0.22,0.94,0.51,0.78,18.9,36.2
30,6,201602,4.32,26.2,0.78,0.78,2.33,0.78,0,1086,1.39,0.15,0.72,0.32,0.75,0.09,0.46,16.6,35.7
30,8,201602,5.14,20.9,1.59,1.59,4.77,1.59,0,1235,2.29,0.96,1.29,0.67,1.52,0.68,0.72,11.1,30.6
30,10,201602,3.8,27.9,2.41,2.41,2.99,2.41,0,1039,1.82,0.89,1.16,0.77,1.49,1.32,1.35,19.2,36.6
30,8,201603,2.81,32.4,1.58,1.58,0.45,1.58,0,1011,0.2,1.94,0.84,0.54,0.53,0.98,0.57,22,42.8
30,7,201603,2.63,34,-0.17,1.57,-0.51,1.26,0,961,-0.15,1.34,0.46,0.35,0.31,1.07,0.61,23.1,44.8
30,6,201603,2.14,37.1,-0.73,-0.73,-2.19,-0.73,0,865,-0.99,0.27,-0.51,-0.37,-0.35,0.18,0.3,26.4,47.8
30,5,201603,1.46,42.1,-1.14,-1.14,-3.43,-1.14,0,710,-1.51,0.07,-0.57,-0.52,-0.49,-0.36,-0.46,30.9,53.3
30,10,201603,1.76,38.8,-0.76,1.4,-2.28,0.35,0,812,-0.84,0.8,0.23,-0.02,0.41,1.35,1.15,28.2,49.4
30,9,201603,2.46,38.4,-0.45,-0.45,-1.34,-0.45,0,825,-0.29,1.18,0.37,-0.27,-0.07,0.74,0.69,28.5,48.3
30,1,201603,1.82,39,-0.82,0.7,-2.45,-0.59,0,806,-0.94,0.34,-0.2,0.24,0.47,0.97,0.71,27.3,50.7
30,3,201603,3.1,31.9,-0.12,0.93,-0.36,0.6,0,1026,-0.23,1.13,0.34,0.21,-0.2,0.8,0.44,20.7,43.1
30,2,201603,1.55,38.7,-1.1,-1.1,-3.31,-1.1,0,815,-1.59,0,-0.67,-0.45,-0.22,0.22,0,27.2,50.1
30,4,201603,2.19,45.8,-3.13,-3.13,-2.82,-3.13,0,595,-1.21,-0.59,-0.73,-0.55,-1.16,-1.73,-0.67,36.8,54.8
30,6,201604,3.18,41.2,-0.73,-0.73,-0.23,-0.73,0,714,-0.19,-0.91,0.08,-0.68,-0.32,0.18,0.2,29.2,53.2
30,8,201604,2.47,38.6,-0.13,1.29,-0.38,1.02,0,792,-0.36,-0.15,1.37,0.4,0.45,0.97,0.28,26.8,50.5
30,7,201604,2.09,38.8,-0.52,1.04,-1.11,0.16,0,786,-0.74,-0.67,0.68,-0.12,0.07,1.05,0.44,26.7,51
30,3,201604,3.14,36.9,-0.18,0.76,-0.23,0.21,0,843,-0.21,-0.36,0.79,-0.07,0,0.88,0.29,24.4,49.4
30,2,201604,2.91,41.6,-1.21,-1.21,-0.65,-1.21,0,702,-0.37,-1.56,-0.29,-0.64,-0.46,0.1,-0.04,29.1,54.1
30,9,201604,2.12,41.6,-0.84,-0.84,-1.3,-0.84,0,702,-0.95,-0.87,0.38,-0.81,-0.23,0.55,0.36,30.9,52.4
30,4,201604,2.34,49,-3.41,-3.41,-1.81,-3.41,0,480,-0.96,-1.54,-1.07,-1.04,-1.07,-1.56,-1.01,39.7,58.4
30,1,201604,2.71,41.4,-0.83,-0.83,-0.28,-0.83,0,708,-0.27,-0.92,0.03,-0.23,0.43,0.83,0.66,28.3,54.4
30,5,201604,2.29,46.1,-1.61,-1.61,-1.74,-1.61,0,567,-0.88,-1.77,-0.48,-0.95,-0.54,-0.43,-0.58,33.8,58.4
30,10,201604,1.99,41.1,-1.06,0.88,-1.14,-0.65,0,717,-0.92,-1.35,0.08,-0.54,0.01,1.13,0.92,29.7,52.5
30,8,201605,1.44,56.2,-1.06,-1.06,-2.83,-1.06,12,285,-1.5,-1.21,-0.96,0.11,0.02,0.82,-0.1,43.5,68.8
30,2,201605,2.94,54.9,-1.53,-1.53,-1.35,-1.53,7,320,-0.56,-0.66,-1.57,-0.66,-0.58,0.18,-0.24,43.1,66.6
30,6,201605,2.98,55.9,-1.02,-1.02,-1.1,-1.02,11,293,-0.49,-0.46,-1.02,-0.26,-0.32,0.18,-0.03,43.8,67.9
30,1,201605,2.53,54.8,-1.23,-1.23,-1.46,-1.23,10,326,-0.62,-0.61,-1.11,-0.25,0.28,0.75,0.17,42.2,67.5
30,5,201605,3.2,58.5,-1.77,-1.77,-0.98,-1.77,15,217,-0.26,-0.74,-1.51,-0.65,-0.45,-0.23,-0.7,47.2,69.8
30,4,201605,3.35,58.8,-3.26,-3.26,-0.59,-3.26,11,203,-0.14,-0.71,-1.43,-0.68,-0.75,-1.08,-1.16,50,67.6
30,7,201605,2.16,55.4,-1.07,-1.07,-1.79,-1.07,9,307,-0.76,-0.99,-1,0.07,0.04,0.89,0.18,43,67.8
30,9,201605,1.91,56.7,-1.46,-1.46,-2.12,-1.46,15,272,-1.07,-1.37,-1.31,-0.65,-0.55,0.25,0,45.6,67.8
30,3,201605,2.34,53,-0.83,-0.83,-2,-0.83,5,377,-0.98,-0.82,-0.89,0.08,-0.07,0.69,-0.05,40.2,65.7
30,10,201605,2.49,56.2,-1.37,-1.37,-1.26,-1.37,14,287,-0.54,-0.91,-1.31,-0.28,-0.05,0.87,0.61,44.7,67.7
30,3,201606,3.87,59.8,-0.73,-0.73,0.05,-0.73,10,166,0.01,-0.69,-0.69,-0.34,-0.26,-0.54,-0.34,47.6,72
30,2,201606,3.16,63.2,-1.7,-1.7,-0.98,-1.7,37,91,-0.5,-0.77,-0.86,-1.22,-0.92,-0.69,-0.5,50.4,76
30,4,201606,1.59,69.1,-3.6,-3.6,-2.02,-3.6,133,10,-1.15,-0.86,-1.39,-1.71,-1.25,-1.59,-1.34,59.5,78.7
30,1,201606,2.49,63.7,-1.75,-1.75,-1.95,-1.75,49,88,-0.99,-1.17,-1.14,-1.15,-0.64,-0.27,-0.26,50.1,77.3
30,9,201606,2.32,65.3,-1.84,-1.84,-1.61,-1.84,68,59,-0.73,-1.29,-1.49,-1.12,-1.13,-0.83,-0.33,53.6,77
30,6,201606,3.56,64.1,-1.03,-1.03,-0.34,-1.03,52,79,-0.24,-0.55,-0.56,-0.85,-0.67,-0.64,-0.38,51.7,76.5
30,5,201606,2.49,67.4,-2.19,-2.19,-1.8,-2.19,97,25,-0.9,-0.82,-1.19,-1.33,-1.11,-0.97,-0.94,55.2,79.7
30,8,201606,3.67,63.6,-0.9,-0.9,0.15,-0.69,41,83,0.2,-0.85,-0.88,-0.18,-0.08,0.05,-0.27,51.7,75.4
30,10,201606,1.81,64.9,-2.01,-2.01,-2.33,-2.01,64,67,-1.33,-1.3,-1.51,-1.23,-1,-0.48,0.24,52.4,77.4
30,7,201606,3.16,63.3,-1.11,-1.11,-0.47,-1.11,34,85,-0.17,-0.67,-0.91,-0.45,-0.3,-0.19,-0.01,51.2,75.4
30,6,201607,4.18,70.5,0.04,-0.88,0.13,-0.68,179,8,0.16,-0.16,-0.42,-0.35,-0.8,-0.52,-0.61,59.1,81.9
30,9,201607,1.92,71.9,-2.67,-2.67,-3.04,-2.67,218,0,-1.34,-1.42,-1.76,-1.12,-1.82,-1.1,-0.87,61.1,82.8
30,8,201607,2.8,69.4,-1.35,-1.35,-1.62,-1.35,149,13,-0.69,-0.31,-1.12,0.06,-0.33,-0.13,-0.49,57.9,80.8
30,2,201607,4.58,69.4,0.17,-1.36,0.51,-1.03,148,11,0.38,-0.2,-0.49,-0.65,-0.81,-0.65,-0.67,57.8,81.1
30,1,201607,2.23,69.6,-2.47,-2.47,-2.71,-2.47,155,12,-1.24,-1.65,-1.52,-1.29,-1.31,-0.69,-0.65,56.3,82.9
30,5,201607,4.9,73.6,-1.8,-1.8,0.49,-1.51,267,0,0.67,-0.14,-0.29,-0.63,-0.93,-0.62,-1.13,62.1,85.1
30,4,201607,4.29,76.4,-3.24,-3.24,-0.05,-3.21,353,0,0.48,-0.35,-0.36,-1.12,-1.18,-1.14,-1.3,67.8,85.1
30,7,201607,3.52,68.9,-1.17,-1.17,-0.52,-1.17,136,15,-0.05,-0.17,-0.59,-0.08,-0.47,-0.25,-0.21,57.6,80.3
30,10,201607,2.01,71.4,-2.79,-2.79,-2.97,-2.79,204,6,-1.29,-2.11,-1.73,-1.4,-1.59,-1.04,-0.28,59.7,83.1
30,3,201607,3.37,66.3,-1.04,-1.04,-1.15,-1.04,82,42,-0.54,-0.35,-0.91,-0.16,-0.61,-0.46,-0.57,54.6,78.1
30,4,201608,1.49,76.9,-3.99,-3.99,-3.23,-3.99,369,0,-1.46,-0.66,-1.19,-1.83,-1.37,-1.21,-1.52,68.4,85.5
30,2,201608,5.22,69.5,-0.72,-0.72,1.5,0.41,154,15,0.93,0.81,0.32,-0.69,-0.29,-0.31,-0.39,58.6,80.3
30,9,201608,4.29,73.4,-2.49,-2.49,-0.31,-2.49,264,0,0.95,-0.24,-0.64,-1.42,-0.95,-0.81,-0.78,63.2,83.5
30,1,201608,4.62,71,-2.14,-2.14,0.24,-1.97,197,11,0.86,-0.15,-0.73,-1.29,-0.78,-0.29,-0.59,59.2,82.7
30,7,201608,4.04,69.3,-1.21,-1.21,-0.47,-1.21,152,19,0.4,0.13,0.05,-0.66,0.05,0.01,-0.17,58.4,80.1
30,3,201608,5.94,66.8,0.48,0.48,1.45,0.48,100,44,1.43,0.53,0.39,-0.3,0.28,0.1,-0.34,56,77.6
30,8,201608,3.29,70.7,-1.85,-1.85,-1.93,-1.85,189,12,-0.2,-0.68,-0.41,-1.04,-0.22,-0.21,-0.65,59.6,81.8
30,6,201608,6.36,70.3,1.14,1.14,3.3,1.14,177,13,1.76,1.22,0.73,-0.05,0.26,0.12,-0.34,59.5,81.2
30,5,201608,3.6,72.9,-1.98,-1.98,-1.1,-1.98,248,0,-0.01,0.32,-0.25,-1.19,-0.7,-0.49,-1.04,62,83.8
30,10,201608,3.66,72.7,-2.86,-2.86,-1.08,-2.86,244,6,0.42,-0.62,-1.42,-1.8,-1.07,-0.77,-0.34,62,83.3
30,4,201609,2.86,69.4,-4.07,-4.07,-1.47,-4.07,143,11,-0.22,-1.21,-0.76,-1.53,-1.74,-1.42,-1.32,61.1,77.7
30,1,201609,2.99,62.7,-2.43,-2.43,-1.54,-2.43,40,109,-0.28,0.38,-0.27,-1.06,-1.12,-0.78,-0.5,49.4,76
30,9,201609,3.17,64.7,-2.78,-2.78,-1.63,-2.78,65,74,-0.19,0.45,-0.27,-1.28,-1.1,-1.14,-0.66,53.5,75.9
30,5,201609,1.81,65.6,-2.69,-2.69,-2.75,-2.69,75,57,-1.19,-0.97,-0.41,-1.16,-1.32,-1.12,-0.95,54,77.1
30,8,201609,2.25,61.6,-2.71,-2.71,-3.14,-2.71,30,132,-0.99,-0.91,-1.16,-1.59,-0.91,-0.68,-0.66,49.4,73.9
30,2,201609,2.23,62.2,-1.3,-1.3,-1.96,-1.06,32,116,-0.94,0,0.12,-0.58,-0.9,-0.69,-0.36,49.9,74.6
30,10,201609,2.92,64.2,-3.06,-3.06,-1.48,-3.06,60,84,-0.2,0.06,-0.62,-1.48,-1.36,-1.19,-0.17,52.3,76.2
30,7,201609,1.86,61.5,-2.09,-2.09,-3.01,-2.09,28,133,-1.17,-0.57,-0.63,-1.12,-0.75,-0.57,-0.12,49.2,73.7
30,3,201609,2.43,58.9,-0.83,-0.83,-2.48,-0.83,12,195,-1.22,0.09,-0.3,-0.78,-0.5,-0.42,-0.38,46.7,71.1
30,6,201609,2.5,62.9,-0.58,-0.58,-1.75,-0.58,42,105,-0.94,0.58,0.48,-0.17,-0.42,-0.38,-0.3,50.7,75.2
30,9,201610,6.05,52.5,0.81,-1.68,2.43,-0.61,0,388,1.64,1.12,1.31,-0.13,0.02,-0.6,-0.29,43.8,61.1
30,5,201610,3.05,52.5,-2.76,-2.76,-1.05,-2.76,0,388,-0.01,-0.91,-0.81,-0.9,-1.09,-1.29,-1.11,42.1,62.8
30,6,201610,5.55,49.7,0.68,0.68,2.05,0.68,0,474,1.03,0.15,0.98,0.38,0.36,-0.1,-0.14,39.6,59.8
30,7,201610,3.7,48.5,-1.94,-1.94,-0.22,-1.94,0,512,0.44,-0.39,-0.13,-0.62,-0.21,-0.58,-0.17,39.4,57.6
30,3,201610,6.14,46.5,-0.12,-0.12,1.87,0.62,0,574,1.14,0.2,0.82,-0.05,0.38,-0.11,-0.2,37.2,55.9
30,10,201610,7.28,51.8,1.47,-1.28,4.4,0.57,0,409,2.19,1.7,1.53,0.04,0,-0.3,0.43,42.9,60.7
30,8,201610,6.38,48.8,-1.57,-1.57,2.59,-0.42,0,502,1.75,0.75,0.53,-0.32,0.34,-0.06,-0.27,39.8,57.8
30,1,201610,7.41,51.1,1.53,-0.66,4.58,1.39,0,431,2.24,1.7,1.7,0.21,0.12,0,0.15,40.9,61.2
30,4,201610,3.56,57.6,-3.86,-3.86,-0.64,-3.86,9,238,0.23,-0.13,-0.9,-1.11,-1.56,-1.57,-1.4,48.5,66.7
30,2,201610,4.63,49.6,-0.85,-0.85,0.94,-0.11,0,477,0.67,-0.19,0.32,-0.14,-0.32,-0.5,-0.37,39.8,59.4
30,4,201611,3.37,48.2,-3.98,-3.98,-1.57,-3.98,0,504,-0.09,0.01,-0.23,-1.17,-1.78,-1.48,-1.56,39.1,57.2
30,8,201611,2.5,38.1,-1.68,-1.68,-0.83,-0.86,0,807,-0.55,1.14,0.4,-0.05,-0.57,0,-0.2,30.1,46
30,5,201611,3.55,42.1,-2.87,-2.87,-1.17,-2.87,0,687,0.13,0.02,-0.75,-0.75,-1.44,-1.04,-1,32.3,51.9
30,6,201611,2.59,39.2,0.06,0.06,-1.68,-0.56,0,774,-0.81,0.4,-0.26,0.28,-0.23,0.05,-0.15,30.2,48.3
30,3,201611,2.87,36.1,-0.8,-0.8,-2.07,-0.8,0,867,-0.81,0.53,-0.2,0.01,-0.47,0.06,-0.24,27.6,44.7
30,2,201611,2.69,39.4,-1.11,-1.11,-1.04,-0.78,0,768,-0.49,0.25,-0.41,-0.11,-0.87,-0.49,-0.35,30,48.7
30,9,201611,2.57,42.5,-2,-2,-1.46,-1.49,0,675,-0.62,0.92,0.63,0.02,-0.68,-0.42,-0.35,33.6,51.3
30,1,201611,1.64,40.7,-1.16,-1.16,-1.7,0.09,0,729,-1.17,1.34,0.99,0.12,-0.5,-0.11,0.03,30.3,51
30,7,201611,2.35,37.8,-2.47,-2.47,-2.17,-2.47,0,816,-0.52,0.03,-0.71,-0.6,-1.05,-0.37,-0.12,29.4,46.2
30,10,201611,2.26,41.8,-1.28,-1.28,-0.41,0.34,0,696,-0.37,1.58,1.25,0.09,-0.59,-0.12,0.42,32.9,50.7
30,6,201612,4.01,26.2,0.29,0.29,0.73,0.29,0,1203,0.48,-0.19,0.51,0.58,0.11,-0.08,-0.22,18.5,33.9
30,10,201612,2.94,28.8,-0.82,-0.82,1.01,1.11,0,1122,0.51,-0.01,1.55,0.72,-0.24,-0.2,0.51,22.6,35
30,5,201612,2.98,30.4,-2.72,-2.72,-0.44,-2.72,0,1073,-0.13,-0.01,-0.11,-0.45,-1.02,-1.19,-1.1,22.4,38.3
30,2,201612,3.54,27.1,-0.84,-0.84,0.48,-0.23,0,1175,0.34,-0.13,0.29,0.21,-0.34,-0.57,-0.38,19.4,34.8
30,1,201612,3.92,28,1.44,1.44,2.17,1.44,0,1147,1.21,0.02,1.65,0.88,0.05,-0.04,0.36,21.5,34.4
30,4,201612,3.38,37.5,-3.85,-3.85,-0.83,-3.85,0,852,-0.26,-0.33,-0.21,-0.74,-1.37,-1.69,-2.15,29.9,45
30,8,201612,2.74,25,-1.66,-1.66,-0.46,-0.98,0,1240,-0.11,-0.5,0.9,-0.14,-0.62,-0.26,-0.15,17.4,32.6
30,7,201612,2.65,25.1,-2.38,-2.38,-0.48,-2.38,0,1237,-0.07,-0.39,-0.02,-0.5,-0.93,-0.67,-0.22,17.5,32.8
30,3,201612,4.24,23.2,0.17,0.17,0.5,-0.55,0,1296,0.42,-0.24,0.61,0.19,-0.29,-0.08,-0.14,15.4,30.9
30,9,201612,3.7,29.6,-1.43,-1.43,1.1,-0.44,0,1097,0.66,-0.08,1.02,0.5,-0.4,-0.31,-0.16,23.6,35.5
30,4,201701,3.93,36.9,-3.39,-3.39,0.18,-3.27,0,871,0.39,0.06,-0.09,-0.82,-1,-1.45,-2.1,30.5,43.3
30,3,201701,3.88,23.1,0.4,0.4,0.77,0.4,0,1299,0.49,0.54,-0.03,0.62,-0.11,0.29,0.07,15.1,31.2
30,1,201701,3.61,28.8,2.05,2.05,2.25,2.05,0,1122,1.11,1.59,0.56,1.68,0.43,0.36,0.63,21.9,35.6
30,2,201701,3.55,27.8,0.49,0.49,1.05,0.49,0,1153,0.7,0.61,0.19,0.33,-0.07,-0.21,-0.22,21,34.6
30,8,201701,2.85,25.2,-1.26,-1.26,0.69,-0.29,0,1234,0.44,0.09,-0.29,0.22,-0.47,0.17,-0.01,18.3,32.1
30,6,201701,3.92,26.6,0.6,0.6,1.02,0.6,0,1190,0.71,0.73,0.12,0.84,0.33,0.34,-0.03,19.2,33.9
30,10,201701,2.76,29.3,1.69,1.69,1.32,1.69,0,1107,0.71,0.76,0.24,1.33,0.14,0.1,0.69,23.1,35.5
30,9,201701,3.36,29.3,-0.87,-0.87,1.24,0.58,0,1107,0.65,0.82,0.16,1.1,-0.03,0.11,0.03,23,35.7
30,5,201701,3.26,30.7,-2.32,-2.32,0.36,-2.1,0,1063,0.41,0.08,0.16,-0.61,-0.71,-0.88,-1.03,23.5,37.9
30,7,201701,2.44,25.5,-2.16,-2.16,-0.08,-2.13,0,1224,0.04,-0.17,-0.42,-0.45,-0.8,-0.38,-0.12,18,32.9
30,10,201702,2.71,33.4,1.83,1.83,0.93,1.83,0,885,0.87,1.02,1.04,1.5,0.5,-0.15,0.77,24.7,42
30,7,201702,3.18,26.8,-1.45,-1.45,1.46,-0.71,0,1070,0.94,0.61,0.35,-0.33,-0.35,-0.78,0.09,17.2,36.4
30,6,201702,3.52,29.2,0.9,0.9,1.08,0.9,0,1002,0.72,0.95,0.98,0.35,0.68,0.15,0.12,19.9,38.5
30,5,201702,2.43,33.4,-2.23,-2.23,-0.44,-2.13,0,885,-0.08,0.11,-0.04,-0.69,-0.7,-1.31,-0.96,23.4,43.4
30,9,201702,2.78,32.7,-0.6,-0.6,0.54,0.97,0,904,0.53,0.76,0.91,1,0.41,-0.26,0.13,24.5,40.8
30,2,201702,3.01,30.6,0.65,0.65,0.64,0.65,0,963,0.5,0.76,0.71,0.08,0.2,-0.47,-0.15,21.1,40.1
30,4,201702,1.57,38.8,-3.9,-3.9,-2.56,-3.9,0,734,-1.45,-0.69,-0.69,-0.69,-1.41,-1.93,-2.2,30.2,47.5
30,1,201702,2.88,33,2.19,2.19,1.06,2.19,0,896,0.89,1.4,1.76,1.72,0.88,0.26,0.84,23.9,42.1
30,3,201702,4,24.7,0.88,0.88,1.56,0.88,0,1128,0.93,0.93,0.9,0.38,0.46,-0.02,0.3,15.4,34.1
30,8,201702,2.8,26.3,-0.86,-0.86,0.8,0.38,0,1084,0.58,0.6,0.3,0.48,0.08,-0.42,0.1,17.5,35.1
30,1,201703,3.1,30.5,2.17,2.17,0.62,2.17,0,1070,0.39,0.81,1.33,2.09,1.28,0.55,1.06,20.6,40.4
30,8,201703,2.85,23.5,-0.58,-0.58,0.58,0.8,0,1286,0.24,0.53,0.59,1.01,0.09,-0.39,0.31,14.1,32.9
30,7,201703,2.87,24.4,-1.23,-1.23,0.23,-0.36,0,1259,0.08,0.65,0.47,0.18,-0.26,-0.69,0.27,14.9,34.1
30,2,201703,4.01,28,1.03,1.03,1.33,1.03,0,1147,0.68,0.75,0.99,0.74,0.57,0.03,0.11,18.5,37.6
30,4,201703,5.09,37.5,-3.13,-3.13,1.1,-2.64,0,852,0.59,-0.3,-0.1,-0.24,-0.75,-1.3,-2.2,29.3,45.8
30,3,201703,3.19,22.2,0,0,-0.23,0.71,0,1327,-0.15,0.5,0.61,0.79,0.44,-0.05,0.48,11.7,32.8
30,10,201703,3.3,30.1,2.1,2.1,1.37,2.1,0,1082,0.79,1.09,1.25,1.94,1.13,0.21,1.04,21.1,39.2
30,6,201703,3.18,26.7,0,0,-0.01,0.81,0,1187,-0.08,0.41,0.69,0.78,0.81,0.33,0.29,17.2,36.2
30,9,201703,3.21,30.3,1.23,1.23,0.95,1.23,0,1076,0.53,0.72,0.93,1.34,0.81,-0.08,0.4,21.8,38.9
30,5,201703,3.53,31.8,-1.82,-1.82,0.54,-1.43,0,1029,0.21,0.07,0.2,-0.02,-0.39,-0.91,-0.77,22.4,41.3
30,8,201704,4.27,46.2,1.09,1.09,1.05,1.09,0,564,1.18,1.03,1.11,0.49,0.65,0.04,0.57,36,56.5
30,9,201704,5.25,49.6,1.96,1.96,2.56,1.96,0,462,1.94,1.72,1.77,1.29,1.75,0.67,0.7,39.4,59.8
30,10,201704,4.93,49.8,2.58,2.58,2.11,2.58,0,456,1.67,1.73,1.82,1.47,1.86,0.87,1.22,39,60.6
30,5,201704,3.85,52.1,-1.84,-1.84,-0.62,-1.65,0,387,0.37,0.36,0.2,0.17,-0.5,-0.61,-0.61,41.1,63.1
30,7,201704,3.89,46.8,-1.01,-1.01,0.28,-0.01,0,546,0.83,0.64,0.95,0.26,0.08,-0.31,0.41,35.9,57.6
30,2,201704,5.47,49.2,1.52,1.52,1.8,1.52,0,474,1.47,1.45,1.44,1.09,0.91,0.5,0.32,37.9,60.5
30,4,201704,3.99,53.7,-3.02,-3.02,-0.64,-2.73,0,339,0.22,0.49,-0.17,-0.25,-0.83,-0.97,-1.7,44.8,62.5
30,6,201704,5.57,48.7,1.4,1.4,2.04,1.4,0,489,1.65,1.16,1.28,0.92,1.37,0.82,0.56,37.7,59.6
30,3,201704,4.8,44.7,0.91,0.91,0.81,0.91,0,609,1.09,0.68,1.02,0.59,0.99,0.31,0.69,33.5,55.8
30,1,201704,4.23,49.7,2.14,2.14,0.57,2.14,0,459,0.98,0.93,1.15,1.22,1.93,0.9,1.08,37.5,61.8
